板块代码,板块名称,交易日期,融资余额,融资买入额,融资偿还额,融资净买入,融券余额,融券卖出量,融券偿还量,融券净卖出,板块类型
596,融资融券,2026-01-27 00:00:00,2578979041586,253233168892,255095672873,-1862503981,9745340495.9,41303111,42234327,24827736.5751,财富通概念
867,富时罗素,2026-01-27 00:00:00,1557500453315,140665443844,139176853282,1488590562,6653944193.68,31688740,31527157,35816232.5886,财富通概念
821,MSCI中国,2026-01-27 00:00:00,1341126582722,116727113309,115528152720,1198960589,5935277406.83,20632323,22234446,5160523.3351,财富通概念
804,深股通,2026-01-27 00:00:00,1223231377520,127648519250,128383523741,-735004491,4732729728.0,18197380,17340488,19596364.3228,财富通概念
707,沪股通,2026-01-27 00:00:00,1218206907654,109520362837,110442879740,-922516903,4889003774.41,22661145,24363370,6791632.8055,财富通概念
879,标准普尔,2026-01-27 00:00:00,1212839680349,99766850904,99926828667,-159977763,5357720015.21,27769434,27087522,27744356.4489,财富通概念
500,HS300_,2026-01-27 00:00:00,969771175803,73724529733,72081993228,1642536505,3412570122.52,12589573,12608996,44113966.9745,财富通概念
568,深成500,2026-01-27 00:00:00,827637136485,81930644649,81512110352,418534297,3956018367.0,13427660,13295260,-1842689.1188,财富通概念
683,央国企改革,2026-01-27 00:00:00,797391659120,75069737796,77081517081,-2011779285,3691155891.61,19059122,21038024,-21358564.9766,财富通概念
552,机构重仓,2026-01-27 00:00:00,686674677263,56393962747,55848361594,545601153,2691219305.19,13297986,15253092,-17830701.7332,财富通概念
742,创业板综,2026-01-27 00:00:00,593241826757,67546532834,66708539600,837993234,1771271329.0,4171800,4369942,2862237.5323,财富通概念
612,上证180_,2026-01-27 00:00:00,557599314498,39924666751,39704750009,219916742,1810244982.66,8726989,9678161,2914781.4042,财富通概念
854,华为概念,2026-01-27 00:00:00,534933886466,52324744999,52759468815,-434723816,1809962525.12,7242463,7662559,-22208014.8959,财富通概念
701,中证500,2026-01-27 00:00:00,511766713365,60434664965,60582156929,-147491964,3986546477.09,14818189,17738883,-51228793.4833,财富通概念
153,广东板块,2026-01-27 00:00:00,502116547025,44966009364,44468525153,497484211,1736801310.87,5232249,4898656,17226459.5253,财富通地域
718,证金持股,2026-01-27 00:00:00,477123871617,28060822622,27737305057,323517565,1891566355.97,9167979,9974453,3104511.9271,财富通概念
800,人工智能,2026-01-27 00:00:00,458364362434,43281432215,44287094874,-1005662659,1529536973.04,6254522,6080688,-12578573.5789,财富通概念
900,新能源车,2026-01-27 00:00:00,433757902559,35288099412,36533560806,-1245461394,1298757201.13,3733317,4804329,9123906.6581,财富通概念
891,国产芯片,2026-01-27 00:00:00,412273550873,48828198863,48499266652,328932211,1696247036.55,3985130,3012069,35997231.0544,财富通概念
499,AH股,2026-01-27 00:00:00,398912365779,28680016038,28052971464,627044574,1447577032.63,8469324,7097705,47565305.1003,财富通概念
1059,百元股,2026-01-27 00:00:00,395227536567,44972927826,44094104504,878823322,1796044982.03,648600,551760,21174411.7478,财富通概念
917,半导体概念,2026-01-27 00:00:00,389546537213,50393657800,50397688594,-4030794,1541449762.31,4870182,3797630,22711052.5646,财富通概念
743,深证100R,2026-01-27 00:00:00,386294476723,30241117568,28849139513,1391978055,1483381722.0,2737960,1951300,37685856.846,财富通概念
1194,2025中报预增,2026-01-27 00:00:00,369558130377,38189008684,38864751649,-675742965,1248524369.76,3633984,4442783,2103991.961,财富通概念
1090,机器人概念,2026-01-27 00:00:00,366695370956,36064669114,36892025443,-827356329,1442388742.87,5366696,5182099,13177534.8344,财富通概念
150,北京板块,2026-01-27 00:00:00,332925256077,31806498697,31479212372,327286325,1212891920.32,7944598,8636300,-13209536.3918,财富通地域
714,5G概念,2026-01-27 00:00:00,330394612630,39504921050,39159126519,345794531,1080674849.64,3718178,3084582,18044413.526,财富通概念
590,西部大开发,2026-01-27 00:00:00,329615021811,34651579429,34594403669,57175760,1616213731.57,6931840,6863965,22717386.8608,财富通概念
637,互联金融,2026-01-27 00:00:00,325776983277,14382779219,14556078699,-173299480,825885926.26,5004400,6286443,-22234081.7163,财富通概念
1005,专精特新,2026-01-27 00:00:00,317881283454,39998004254,40793223024,-795218770,930456992.17,1166914,998276,1827074.1258,财富通概念
705,上证380,2026-01-27 00:00:00,300590571232,31649793331,31151828837,497964494,2106190228.14,7947090,8536163,840141.5293,财富通概念
611,上证50_,2026-01-27 00:00:00,296160498440,18367608391,17601241487,766366904,1017752981.69,4159614,3971363,7369644.8427,财富通概念
549,深圳特区,2026-01-27 00:00:00,293234306808,21941045589,21725767296,215278293,987721587.44,2742400,2660417,8042832.6285,财富通概念
638,创业成份,2026-01-27 00:00:00,288854058945,32287147539,30932504285,1354643254,1180017607.0,2016100,2594885,-5392494.462,财富通概念
989,储能,2026-01-27 00:00:00,287452677280,28230542085,28982764799,-752222714,1037431624.05,5163078,4674071,9604477.0815,财富通概念
574,锂电池,2026-01-27 00:00:00,281341291026,28629743039,28990455013,-360711974,1082895923.81,3680723,4011894,8934624.5425,财富通概念
554,物联网,2026-01-27 00:00:00,262766255000,26499190520,26518118347,-18927827,1005170446.25,2971266,3150501,7874838.8777,财富通概念
594,长江三角,2026-01-27 00:00:00,260027976891,22276068391,22597067551,-320999160,913898095.38,4946325,5899327,-13847688.8022,财富通概念
712,一带一路,2026-01-27 00:00:00,255461120792,27606054580,28359057336,-753002756,1150977635.43,6768977,8768245,-37552753.8006,财富通概念
830,区块链,2026-01-27 00:00:00,250271198822,20138325892,20285424521,-147098629,716360146.55,3037505,4684606,-15556357.9908,财富通概念
579,云计算,2026-01-27 00:00:00,247648112269,26613029287,26592027849,21001438,784127618.11,2379264,2890447,743380.9619,财富通概念
145,上海板块,2026-01-27 00:00:00,244754612907,21990303978,22863386260,-873082282,865518521.14,4497382,4312995,-2716618.1664,财富通地域
159,江苏板块,2026-01-27 00:00:00,242526829631,29033850110,28511687295,522162815,792027508.1,2276247,2713218,-9953865.7745,财富通地域
999,茅指数,2026-01-27 00:00:00,241721425168,11605428489,11234027947,371400542,1004167793.77,1385823,917957,32741188.6593,财富通概念
588,太阳能,2026-01-27 00:00:00,235076935494,28555241085,28588022551,-32781466,883724528.11,5789980,3467815,31889287.8371,财富通概念
634,大数据,2026-01-27 00:00:00,232735510090,24065569545,23903124999,162444546,846100111.0,3265139,4251313,-18228249.8706,财富通概念
172,浙江板块,2026-01-27 00:00:00,232302740959,22637318779,23581879254,-944560475,869008476.59,3304143,4622574,-15153883.7683,财富通地域
536,基金重仓,2026-01-27 00:00:00,230675013970,25548709390,23870994629,1677714761,928382326.58,695723,1028648,-8899680.3872,财富通概念
1134,算力概念,2026-01-27 00:00:00,227944260397,27053616396,25823479058,1230137338,651113498.37,1795274,1870304,3602801.355,财富通概念
802,无人驾驶,2026-01-27 00:00:00,216032241882,18662428201,18620855158,41573043,717720131.58,1965309,2263680,16599148.6969,财富通概念
523,新材料,2026-01-27 00:00:00,214345873304,24697617457,25532227355,-834609898,767929213.35,3849763,3140778,-6844605.0189,财富通概念
490,军工,2026-01-27 00:00:00,213435434983,23807412555,25216211812,-1408799257,845904462.86,2918491,3250363,-8357505.7135,财富通概念
1112,破净股,2026-01-27 00:00:00,211642244243,10773344441,10408161427,365183014,691113847.85,8271479,9458298,-2877679.4193,财富通概念
525,参股银行,2026-01-27 00:00:00,208225349517,11662394917,11767446529,-105051612,724745379.46,3897535,4127351,6376770.3549,财富通概念
644,特斯拉,2026-01-27 00:00:00,203884043390,18373400239,18442788694,-69388455,653652527.92,1554441,1526954,-8462505.1499,财富通概念
963,商业航天,2026-01-27 00:00:00,200983192782,27927132220,29117974817,-1190842597,818906400.16,1727716,2824893,-30595343.4317,财富通概念
1036,半导体,2026-01-27 00:00:00,196426518782,27846521439,27917064409,-70542970,804977266.11,1397913,1250826,10979260.4703,财富通行业
968,固态电池,2026-01-27 00:00:00,190516064091,15713239596,15743200821,-29961225,578196973.85,1316393,1944502,8366604.1825,财富通概念
922,数据中心,2026-01-27 00:00:00,186190735743,20055319719,20055583959,-264240,650070051.63,2332395,3236547,-4223000.5552,财富通概念
1104,信创,2026-01-27 00:00:00,178269444129,16154095387,16205411409,-51316022,546815701.59,1290476,1999195,-14432848.9745,财富通概念
528,转债标的,2026-01-27 00:00:00,177990549323,16454097597,16371147044,82950553,696663938.23,3101077,2837067,-1181754.7166,财富通概念
689,阿里概念,2026-01-27 00:00:00,177891488640,15911032717,16509912821,-598880104,627391226.15,2116038,2514637,-4260646.1658,财富通概念
506,创投,2026-01-27 00:00:00,175695127481,14953415536,15115608263,-162192727,557726066.96,2703400,3741078,-22548211.9042,财富通概念
1188,DeepSeek概念,2026-01-27 00:00:00,172525542413,15350146330,16060367474,-710221144,562074282.97,2004598,3224489,-30958033.8962,财富通概念
1184,人形机器人,2026-01-27 00:00:00,172353880669,13828465831,14922008878,-1093543047,548179566.57,1497189,1025106,3079330.4369,财富通概念
610,央视50_,2026-01-27 00:00:00,170364529554,9503445437,9173449643,329995794,797123126.84,2162900,1556408,17485825.065,财富通概念
920,车联网(车路云),2026-01-27 00:00:00,169391447438,14120770895,14121499571,-728676,600104607.44,1419088,1755155,7101546.6269,财富通概念
833,小米概念,2026-01-27 00:00:00,162687557408,16467669523,16895782766,-428113243,479354498.79,1859481,1672317,6325762.1521,财富通概念
1166,低空经济,2026-01-27 00:00:00,161721497971,16111044431,17001135822,-890091391,603338732.08,1473986,2121658,-7948785.1,财富通概念
1629,AI应用,2026-01-27 00:00:00,157643891924,16389768220,16714149440,-324381220,575899726.51,2263213,2460768,-17178364.5234,财富通概念
711,券商概念,2026-01-27 00:00:00,156563482144,5742559851,5807708690,-65148839,239269579.79,1030500,2177150,-14088536.31,财富通概念
700,充电桩,2026-01-27 00:00:00,154537127930,14661510389,15979090904,-1317580515,485216301.69,1455460,2509325,-7383215.1256,财富通概念
835,独角兽,2026-01-27 00:00:00,153814481400,10888911476,10588832459,300079017,493301860.47,1094500,1512600,-4728996.05,财富通概念
595,风能,2026-01-27 00:00:00,153471386775,15917241777,16299292998,-382051221,584326768.92,2556797,3888771,-12093853.3526,财富通概念
696,国产软件,2026-01-27 00:00:00,151951645190,11788930504,12626540946,-837610442,420094731.37,1271344,1781969,-20859670.2839,财富通概念
1138,液冷概念,2026-01-27 00:00:00,143613729003,15289329514,15295575026,-6245512,420835310.87,1194328,2016080,-6280278.404,财富通概念
1139,中特估,2026-01-27 00:00:00,141740282120,12761049137,12998157867,-237108730,628729968.02,5709295,6270000,-19921514.0176,财富通概念
695,小金属概念,2026-01-27 00:00:00,139149402453,23685328613,23330572701,354755912,832312567.9,5045520,4103500,29428929.81,财富通概念
722,虚拟现实,2026-01-27 00:00:00,138988383613,13216032667,13545191292,-329158625,498927120.62,1582822,1972163,-17572230.1142,财富通概念
832,工业互联,2026-01-27 00:00:00,136792649890,11866571952,12155036718,-288464766,599684284.69,2214806,2059545,10516944.8776,财富通概念
864,氢能源,2026-01-27 00:00:00,136364701741,14100597715,14847011569,-746413854,485334115.29,3024831,3532875,53642.1388,财富通概念
493,新能源,2026-01-27 00:00:00,134314359415,15430747744,15572679363,-141931619,560123728.72,3895928,2862935,12079616.9866,财富通概念
567,股权激励,2026-01-27 00:00:00,134073976554,13199822298,13222629240,-22806942,578694798.62,808037,1174022,-1949955.0014,财富通概念
845,百度概念,2026-01-27 00:00:00,133921702352,14240549341,14333794786,-93245445,474551899.83,2544510,3100375,-10331185.711,财富通概念
494,节能环保,2026-01-27 00:00:00,131707137606,13719466538,14601649158,-882182620,384683300.36,1835200,2447177,-2534145.5614,财富通概念
808,军民融合,2026-01-27 00:00:00,129979595565,14076137793,15043659320,-967521527,562672797.93,1575640,2195668,-16930325.9488,财富通概念
641,智能穿戴,2026-01-27 00:00:00,129499238840,14398684398,14201767265,196917133,459834399.27,1240113,756970,9011534.7066,财富通概念
505,中字头,2026-01-27 00:00:00,129112807966,11784089438,12338507889,-554418451,504909592.55,4219867,4525040,-19237749.7184,财富通概念
665,电商概念,2026-01-27 00:00:00,126136948841,8535636444,8695194464,-159558020,602304555.14,2037939,2104654,-6669885.6367,财富通概念
668,医疗器械概念,2026-01-27 00:00:00,125317118278,10755347516,10758538633,-3191117,557182534.88,1495170,1809476,-6878724.6571,财富通概念
448,通信设备,2026-01-27 00:00:00,124048425686,16789497744,16160968387,628529357,446812956.53,706250,776108,10780556.319,财富通行业
514,参股券商,2026-01-27 00:00:00,123623043996,8015012847,8156181670,-141168823,439870210.99,2542000,3550974,-8983402.4892,财富通概念
1128,CPO概念,2026-01-27 00:00:00,119101400093,16856802896,15758971794,1097831102,416328677.37,872550,722428,6342701.9846,财富通概念
666,苹果概念,2026-01-27 00:00:00,118836660815,13278963978,12994829012,284134966,349291395.6,1027651,673559,3161149.4499,财富通概念
1111,AIGC概念,2026-01-27 00:00:00,118282468534,14127530756,14291635619,-164104863,372899042.23,2563600,3075671,-19647083.5766,财富通概念
1137,存储芯片,2026-01-27 00:00:00,116941607946,18491632840,19090759348,-599126508,511889844.26,1511629,624634,15333122.0818,财富通概念
473,证券,2026-01-27 00:00:00,116603882348,4061220961,3826434436,234786525,193775418.44,950000,1975350,-11740840.79,财富通行业
164,山东板块,2026-01-27 00:00:00,116586082604,12059704925,12576255600,-516550675,463450056.23,2077038,1699603,-528235.2096,财富通地域
840,OLED,2026-01-27 00:00:00,114649493333,12238091944,12209437636,28654308,474213052.86,1707915,1378378,11212552.7125,财富通概念
1136,光通信模块,2026-01-27 00:00:00,111887084961,15202341357,14729721081,472620276,380243309.38,520415,569069,8197169.4757,财富通概念
628,智慧城市,2026-01-27 00:00:00,111821515997,9383949361,9361178888,22770473,328293005.86,1141888,1261446,-2414307.2824,财富通概念
704,无人机,2026-01-27 00:00:00,110221372263,12194168583,12457686166,-263517583,510278022.73,979665,1387880,-5324826.1447,财富通概念
860,边缘计算,2026-01-27 00:00:00,109066057001,9719861880,9354997795,364864085,367252002.12,925461,1577367,-5050357.0702,财富通概念
577,核能核电,2026-01-27 00:00:00,108872941597,11874491680,12626688132,-752196452,455119535.55,2404983,3603550,-15704388.3658,财富通概念
1178,AI眼镜,2026-01-27 00:00:00,107656617152,12509485855,12350843273,158642582,386144120.65,993779,534027,7551034.1894,财富通概念
1009,元宇宙概念,2026-01-27 00:00:00,104834470234,11328708525,11281436256,47272269,336868502.08,1495800,2065350,-20407150.47,财富通概念
655,网络安全,2026-01-27 00:00:00,104236186322,10658279663,9931829899,726449764,309986671.98,1441000,2414420,-18120479.714,财富通概念
459,电子元件,2026-01-27 00:00:00,103696514743,10077220599,10415866432,-338645833,320676860.15,443105,450348,6982113.1277,财富通行业
1000,宁组合,2026-01-27 00:00:00,103220123198,5788241359,5977744589,-189503230,366322739.6,720805,306081,25179424.8198,财富通概念
151,福建板块,2026-01-27 00:00:00,102945675084,9973349451,9406206894,567142557,411187374.12,760537,561890,14512542.0053,财富通地域
893,无线耳机,2026-01-27 00:00:00,102587157058,10837268426,10629390880,207877546,319799099.68,638263,599204,-3787021.5341,财富通概念
680,智能家居,2026-01-27 00:00:00,102439091870,7722085511,7836019839,-113934328,431609401.63,761966,968800,-11249721.7954,财富通概念
859,超清视频,2026-01-27 00:00:00,101949345355,9800918834,9893183134,-92264300,422746107.97,1302338,1715549,4535037.5307,财富通概念
1135,数据要素,2026-01-27 00:00:00,101148562735,8412789454,8752962852,-340173398,211681325.88,1090700,945950,1967741.705,财富通概念
1197,反内卷概念,2026-01-27 00:00:00,100479095903,10070013221,9190270508,879742713,461702524.5,2168853,3010418,-10029106.9923,财富通概念
519,稀缺资源,2026-01-27 00:00:00,98858417767,16803158281,16193649866,609508415,660317735.8,4055795,2373000,21309739.8725,财富通概念
737,软件开发,2026-01-27 00:00:00,98759538123,7679549623,8302748890,-623199267,315883177.72,719884,1016200,-11748682.6179,财富通行业
447,互联网服务,2026-01-27 00:00:00,97728586641,11948153536,11153116482,795037054,191524200.0,1181100,2235606,-16475914.2076,财富通行业
169,四川板块,2026-01-27 00:00:00,96081201582,9048833621,8871056325,177777296,406947908.34,2044585,1353299,6172388.5268,财富通地域
837,互联医疗,2026-01-27 00:00:00,93439389102,5448462514,5590948097,-142485583,330658719.28,1816000,1742772,2950719.1856,财富通概念
1061,数字经济,2026-01-27 00:00:00,93314751255,7726700776,7610768719,115932057,260318180.21,506100,1863600,-15958704.44,财富通概念
953,鸿蒙概念,2026-01-27 00:00:00,93298959968,5668477955,6358247078,-689769123,280589875.02,1333900,1442200,-15267108.07,财富通概念
149,安徽板块,2026-01-27 00:00:00,91824092579,7591284942,8350293046,-759008104,242905233.88,1156676,1186840,-783397.468,财富通地域
1155,小米汽车,2026-01-27 00:00:00,91505891978,7402471700,7636267081,-233795381,343870355.15,864441,520080,17921516.9195,财富通概念
524,参股期货,2026-01-27 00:00:00,89900014063,4445977375,4218307447,227669928,159246796.78,1428700,1601250,-5667424.22,财富通概念
1071,跨境支付,2026-01-27 00:00:00,89766083087,4779660690,4729319668,50341022,297507663.64,2571300,2720499,-4999208.9645,财富通概念
809,AI智能体,2026-01-27 00:00:00,89441381233,11677102942,11785421143,-108318201,365155868.85,2018388,2332935,-9588638.6036,财富通概念
812,贬值受益,2026-01-27 00:00:00,88191903216,13400989694,13387442396,13547298,387806645.61,1166476,620098,18244971.4701,财富通概念
1173,锂矿概念,2026-01-27 00:00:00,87254546591,9352387826,8561054729,791333097,374323437.38,1557900,636900,-2999923.82,财富通概念
921,卫星互联网,2026-01-27 00:00:00,86251342233,12215994480,12193518318,22476162,380036124.63,1044555,1160619,-9863302.487,财富通概念
1161,英伟达概念,2026-01-27 00:00:00,86110388812,7774646484,7365051275,409595209,328319129.33,354739,321168,-3317949.2147,财富通概念
877,PCB,2026-01-27 00:00:00,85513017930,9891567041,10144890709,-253323668,314623465.77,871326,721440,9166515.9279,财富通概念
952,第三代半导体,2026-01-27 00:00:00,85321949122,11202588077,11168188597,34399480,364942131.76,1103916,1343030,-728794.7762,财富通概念
682,燃料电池,2026-01-27 00:00:00,85095294147,8255001042,8590148470,-335147428,264035676.35,1092000,1262152,-1363300.8014,财富通概念
535,QFII重仓,2026-01-27 00:00:00,84550891061,10726223560,10785838682,-59615122,310793666.07,1103156,743344,9599152.064,财富通概念
475,银行,2026-01-27 00:00:00,83657384564,3420813715,3223281756,197531959,275574228.08,3181600,3281699,2714225.7755,财富通行业
984,华为汽车,2026-01-27 00:00:00,83656189016,5836833452,6011172026,-174338574,182167504.28,508420,587000,-6873495.42,财富通概念
935,中芯概念,2026-01-27 00:00:00,83195331906,10296156310,10260779599,35376711,384804154.77,483270,951530,-3112210.9166,财富通概念
581,智能电网,2026-01-27 00:00:00,81685327698,9804351576,10783447705,-979096129,345660897.02,997436,1468304,-15755749.2367,财富通概念
937,蚂蚁概念,2026-01-27 00:00:00,81614779323,4352818748,4819760448,-466941700,352013534.74,1849500,2230251,-21529773.5215,财富通概念
969,汽车芯片,2026-01-27 00:00:00,81066192572,10680940326,10838556941,-157616615,298042262.67,641617,737005,8103502.588,财富通概念
653,养老概念,2026-01-27 00:00:00,80529728890,4226533800,4747322630,-520788830,282497454.67,1899800,1422518,13438818.4896,财富通概念
1106,创新药,2026-01-27 00:00:00,78235934688,5459392147,5272141090,187251057,290811518.39,1543673,674233,10012770.2358,财富通概念
811,超级品牌,2026-01-27 00:00:00,77752091474,2467561092,2282133906,185427186,553872818.81,682200,325000,23641094.34,财富通概念
1024,绿色电力,2026-01-27 00:00:00,77550954599,8005526805,7232004609,773522196,316412800.34,2743900,2478500,4942218.16,财富通概念
547,黄金概念,2026-01-27 00:00:00,76374299846,16213865736,15817952736,395913000,472766073.88,4002500,2268200,22513519.81,财富通概念
940,网红经济,2026-01-27 00:00:00,74166856084,7857120101,7509772202,347347899,238175885.72,1747600,2571804,-10117232.7144,财富通概念
823,养老金,2026-01-27 00:00:00,74048873233,9333698541,9348632627,-14934086,362115878.5,1926580,1570779,4727942.6509,财富通概念
697,IPO受益,2026-01-27 00:00:00,73909653049,3290085337,3477688686,-187603349,185014654.0,849500,1083000,-2226837.56,财富通概念
1198,2025三季报预增,2026-01-27 00:00:00,73289408233,7289397073,8163112787,-873715714,254532104.18,686724,868501,-3772734.0732,财富通概念
1037,消费电子,2026-01-27 00:00:00,72276257135,7960145396,7705796302,254349094,279744410.13,527100,382179,2585526.5584,财富通行业
905,传感器,2026-01-27 00:00:00,71178466623,7662015097,7937213993,-275198896,275736279.48,1071990,953552,2068585.9843,财富通概念
1033,电池,2026-01-27 00:00:00,70467565985,5605486595,5610199912,-4713317,171097612.6,174737,278665,-6338107.3827,财富通行业
478,有色金属,2026-01-27 00:00:00,70165442586,13992293137,13229951142,762341995,405471620.44,3023220,2319116,20699803.1,财富通行业
813,雄安新区,2026-01-27 00:00:00,69424501410,5194538657,5723987212,-529448555,201470197.25,1146400,1857651,-6359173.8176,财富通概念
814,大飞机,2026-01-27 00:00:00,68718772594,8168363237,9109354368,-940991131,310797214.05,901400,1107526,3561996.817,财富通概念
923,抖音概念(字节概念),2026-01-27 00:00:00,68673142368,9947669261,9790108674,157560587,268280815.22,1741310,1882475,-1849735.511,财富通概念
710,量子科技,2026-01-27 00:00:00,68631077903,7314207027,7326902603,-12695576,272158177.55,956400,1415036,-9071471.764,财富通概念
662,在线教育,2026-01-27 00:00:00,68092361868,7239002588,7357064128,-118061540,274257950.57,1378000,1568404,-2224502.7844,财富通概念
1126,ChatGPT概念,2026-01-27 00:00:00,67589461528,7913034642,7801882517,111152125,193559765.21,1082588,1094803,-437122.3321,财富通概念
1127,AI芯片,2026-01-27 00:00:00,65869156481,6826574604,7076384703,-249810099,195508937.07,881345,470834,2261103.6206,财富通概念
600,参股新三板,2026-01-27 00:00:00,65584262402,6936984991,6941163784,-4178793,218007290.44,1439700,1868719,-7417100.4172,财富通概念
157,湖北板块,2026-01-27 00:00:00,64881557747,7161264220,7417680370,-256416150,281645777.19,1003293,757730,1473681.2123,财富通地域
988,钠离子电池,2026-01-27 00:00:00,64326165915,5271326154,5206874587,64451567,185266308.47,439461,688739,-3175692.6077,财富通概念
1055,虚拟数字人,2026-01-27 00:00:00,64316129887,9366169258,9000409134,365760124,195123445.32,1446700,1904456,-7433854.8448,财富通概念
1052,动力电池回收,2026-01-27 00:00:00,63555980952,5126489654,5072184209,54305445,228657771.6,652300,554500,3465477.12,财富通概念
481,汽车零部件,2026-01-27 00:00:00,62563135585,5208298579,5950016198,-741717619,195064623.58,398800,455341,-3307529.0105,财富通行业
534,成渝特区,2026-01-27 00:00:00,62424957269,3948587758,4122878975,-174291217,314450763.82,1318800,959050,3161199.95,财富通概念
1107,科创板做市商,2026-01-27 00:00:00,62122484754,1942268177,1739458840,202809337,69721583.48,364200,963050,-9463983.73,财富通概念
580,LED,2026-01-27 00:00:00,62072984815,7061866742,6599013985,462852757,209014168.39,639418,425715,3901032.5253,财富通概念
1195,2025中报预减,2026-01-27 00:00:00,61925791908,6062664714,6260012937,-197348223,245760338.35,1249763,2227953,-7081092.5754,财富通概念
1196,2025中报扭亏,2026-01-27 00:00:00,61464063515,7654755442,7980954311,-326198869,189869635.0,1503900,1811200,-2874935.88,财富通概念
1160,柔性屏(折叠屏),2026-01-27 00:00:00,60172634591,7027933396,6932932688,95000708,199764036.7,785800,596315,-10204119.082,财富通概念
1031,光伏设备,2026-01-27 00:00:00,59734689658,10630062583,10021475802,608586781,195821199.19,1621547,584218,4761841.3213,财富通行业
667,国家安防,2026-01-27 00:00:00,59655936399,4500725570,4810151362,-309425792,169110322.94,495100,430400,3502051.37,财富通概念
604,参股保险,2026-01-27 00:00:00,59567097875,4682076997,4931746692,-249669695,306132104.93,2205600,3641700,-20962325.0,财富通概念
1163,可控核聚变,2026-01-27 00:00:00,58503366986,6354648461,7292312502,-937664041,270720455.29,743677,1555546,-2131960.0613,财富通概念
910,专用设备,2026-01-27 00:00:00,58226093533,6101069248,6521287555,-420218307,223357746.15,494815,616463,1890006.4617,财富通行业
623,海洋经济,2026-01-27 00:00:00,57995851604,5756911778,6453504349,-696592571,182955837.29,817600,1125301,-7108984.8076,财富通概念
852,冷链物流,2026-01-27 00:00:00,57948495140,4210156878,4194838403,15318475,132186478.62,999000,944889,882225.5064,财富通概念
721,PPP模式,2026-01-27 00:00:00,57748062635,4425296693,4291819176,133477517,158061711.24,2288379,2939400,-9265479.524,财富通概念
1181,并购重组概念,2026-01-27 00:00:00,57592523614,4414357199,4206994375,207362824,130626480.28,359218,419600,-4204350.5242,财富通概念
960,无线充电,2026-01-27 00:00:00,56800444621,4706294842,4637921776,68373066,238911939.77,643328,336010,18200945.3208,财富通概念
1150,新型工业化,2026-01-27 00:00:00,55736898853,5869852653,6162378654,-292526001,174903075.91,353873,370530,-280158.0136,财富通概念
158,湖南板块,2026-01-27 00:00:00,55481557691,5568271670,5921994618,-353722948,191976109.65,667100,1020000,-5999380.9986,财富通地域
1164,AIPC,2026-01-27 00:00:00,55421771420,8088457869,7824138059,264319810,231882271.51,747543,518808,-2657878.3473,财富通概念
825,新零售,2026-01-27 00:00:00,54464646961,4045470776,3833639848,211830928,305226920.51,1111200,362600,9693424.74,财富通概念
883,数字货币,2026-01-27 00:00:00,54140256850,3909569166,3911315031,-1745865,125755296.75,305400,662276,-3825229.1552,财富通概念
1153,多模态AI,2026-01-27 00:00:00,53701034189,5608154284,5698415209,-90260925,158971619.5,841288,620366,-847305.673,财富通概念
884,光刻机(胶),2026-01-27 00:00:00,53587850645,5638517510,5959300614,-320783104,207432470.84,241610,410543,-2710409.6561,财富通概念
1064,东数西算,2026-01-27 00:00:00,53134978587,6795909795,6575557991,220351804,132446784.07,564600,497730,2276544.872,财富通概念
966,碳交易,2026-01-27 00:00:00,53012197837,4335263733,4668803211,-333539478,208884822.51,1527769,2120438,-4495129.8994,财富通概念
597,水利建设,2026-01-27 00:00:00,52229845887,5549873313,5611012136,-61138823,160293591.87,1891700,2087172,-1992634.5116,财富通概念
1088,F5G概念,2026-01-27 00:00:00,52093845124,6574004801,6863186306,-289181505,157992675.7,231050,347800,47072.123,财富通概念
1029,汽车整车,2026-01-27 00:00:00,52092720101,1749984554,1705858173,44126381,141572347.0,596500,380300,19698075.68,财富通行业
615,中药概念,2026-01-27 00:00:00,51408885404,3198007198,2850123461,347883737,201274856.04,1007600,769518,2530545.0196,财富通概念
465,化学制药,2026-01-27 00:00:00,50434363324,3275465693,3217782832,57682861,168902021.72,451855,284715,1489610.554,财富通行业
428,电力行业,2026-01-27 00:00:00,50284895687,3444228052,3188351250,255876802,207350261.62,1055700,1834950,-3600803.93,财富通行业
556,移动支付,2026-01-27 00:00:00,50236072237,4351505486,4440839344,-89333858,156113502.02,548400,935872,-5269012.1016,财富通概念
1048,IGBT概念,2026-01-27 00:00:00,50063419496,4927061888,5111727313,-184665425,172898626.96,671428,1348766,9320566.3822,财富通概念
592,铁路基建,2026-01-27 00:00:00,49664334713,4470009919,4241734616,228275303,140022231.61,2044967,2495100,-9279210.1804,财富通概念
601,海工装备,2026-01-27 00:00:00,49194315719,6114928157,6728574762,-613646605,164635870.56,1079600,1300251,-11467333.7876,财富通概念
578,稀土永磁,2026-01-27 00:00:00,48577140483,6378909329,6842049583,-463140254,260568679.84,827200,933100,2142684.2,财富通概念
156,河南板块,2026-01-27 00:00:00,48480903320,5770058873,5806812959,-36754086,206728005.83,1151037,989800,1493428.6275,财富通地域
629,北斗导航,2026-01-27 00:00:00,48239235127,6289779934,6928332886,-638552952,251948863.15,611388,799029,-8948891.1997,财富通概念
918,特高压,2026-01-27 00:00:00,48198473419,6724525639,7348386908,-623861269,269011792.88,866100,1458000,-8167543.77,财富通概念
1047,数据安全,2026-01-27 00:00:00,48184811586,5286221529,5321266786,-35045257,104246152.83,409976,959370,-11740477.6474,财富通概念
675,病毒防治,2026-01-27 00:00:00,47580933576,4372797867,4100349568,272448299,169345535.13,827556,532518,2433098.5164,财富通概念
545,通用设备,2026-01-27 00:00:00,46961982321,5027581185,5716591415,-689010230,126608884.76,438178,452839,1361673.3044,财富通行业
457,电网设备,2026-01-27 00:00:00,46739443732,6137784880,7171864192,-1034079312,224631685.47,519603,932400,-11149696.2598,财富通行业
1038,光学光电子,2026-01-27 00:00:00,46687202773,4479787679,4356839508,122948171,104172936.36,874170,575285,2293802.4284,财富通行业
1177,荣耀概念,2026-01-27 00:00:00,46446764337,4600435243,4488537852,111897391,120735259.67,372988,221952,802350.8464,财富通概念
896,白酒,2026-01-27 00:00:00,46155965804,1840073740,2094243160,-254169420,383656189.69,573900,191100,7407433.39,财富通概念
964,6G概念,2026-01-27 00:00:00,46042910722,6090592655,6110996480,-20403825,174140063.27,355800,663740,-9089571.875,财富通概念
906,流感,2026-01-27 00:00:00,45930399769,4200915387,3799585988,401329399,189538677.08,858057,375547,7733925.026,财富通概念
1108,科创板做市股,2026-01-27 00:00:00,45714401805,4461113219,4479664392,-18551173,187901406.55,275597,204787,-519911.9095,财富通概念
902,MiniLED,2026-01-27 00:00:00,45353629227,5296372132,5066606467,229765665,148129785.74,821500,313100,9752909.96,财富通概念
1157,飞行汽车(eVTOL),2026-01-27 00:00:00,44047019628,3444774896,3896933725,-452158829,131255537.83,246069,436419,-4723083.142,财富通概念
1115,跨境电商,2026-01-27 00:00:00,43861081177,4918733843,4799639821,119094022,194667251.33,1051500,1247150,-64540.28,财富通概念
861,数字孪生,2026-01-27 00:00:00,43483981014,3009220771,2921470117,87750654,84795088.95,264700,422200,-1740304.89,财富通概念
166,天津板块,2026-01-27 00:00:00,43088283008,2885971997,3023847982,-137875985,161279492.44,563468,323179,1424837.8148,财富通地域
165,陕西板块,2026-01-27 00:00:00,42919219336,5987140906,6066231035,-79090129,166442128.18,936000,797716,13390674.47,财富通地域
492,煤化工,2026-01-27 00:00:00,42909860468,4975368328,5286205578,-310837250,247004995.4,968500,2059000,-14906946.65,财富通概念
970,生物识别,2026-01-27 00:00:00,42837695638,3853017227,3681839950,171177277,177400774.82,330500,380406,-1741687.4148,财富通概念
1004,工业母机,2026-01-27 00:00:00,42761609207,4116506943,4697774362,-581267419,188200350.21,296698,394601,4635351.6454,财富通概念
1141,混合现实,2026-01-27 00:00:00,42523640590,5179306403,5143190977,36115426,156678539.92,429161,347510,-7032335.5145,财富通概念
538,化学制品,2026-01-27 00:00:00,42518851127,4388998991,4465969398,-76970407,130392963.94,843869,484391,2177111.0154,财富通行业
1174,合成生物,2026-01-27 00:00:00,42170180204,3101640327,3112904254,-11263927,152872541.25,442456,427173,-84426.9048,财富通概念
480,航天航空,2026-01-27 00:00:00,42153800705,5120109292,5661919627,-541810335,239272809.44,686400,489630,6185475.907,财富通行业
474,保险,2026-01-27 00:00:00,41838598005,1407102254,1736235551,-329133297,111946826.0,310400,189300,8701312.22,财富通行业
1101,Chiplet概念,2026-01-27 00:00:00,41817831580,6011685397,5335123427,676561970,141926486.61,688068,229680,4262049.4884,财富通概念
916,氮化镓,2026-01-27 00:00:00,41398323873,4993681629,4946787466,46894163,158723241.37,966928,261500,13132705.5828,财富通概念
865,电子烟,2026-01-27 00:00:00,41308614238,5126215258,4860089076,266126182,132297537.88,297861,291735,-2768953.0245,财富通概念
509,网络游戏,2026-01-27 00:00:00,41052369906,4512946983,4604347404,-91400421,226623390.52,1057900,1115554,-7813813.3144,财富通概念
1027,小金属,2026-01-27 00:00:00,40951286801,7087265678,7529239311,-441973633,271426141.8,902800,415000,12349217.1,财富通行业
735,计算机设备,2026-01-27 00:00:00,40934443663,2920945591,3009221021,-88275430,113691086.81,114500,345300,-4476870.34,财富通行业
1190,虚拟机器人,2026-01-27 00:00:00,40657692563,2387294988,2565943740,-178648752,41225872.0,165600,221800,-732623.4,财富通概念
834,乡村振兴,2026-01-27 00:00:00,40166910698,2910735356,2698120983,212614373,147405264.31,527960,793900,-6657427.454,财富通概念
977,碳化硅,2026-01-27 00:00:00,40136166652,6059738683,5854621059,205117624,185667070.73,583039,910863,-9114186.2544,财富通概念
477,酿酒行业,2026-01-27 00:00:00,38904087271,1279225976,1418392590,-139166614,376489815.6,129900,106400,4673134.2,财富通行业
1193,海南自贸,2026-01-27 00:00:00,38884148046,4555080750,4619998454,-64917704,122391312.57,689503,658199,-1440657.9206,财富通概念
1089,汽车热管理,2026-01-27 00:00:00,38837858642,3624696746,3796231338,-171534592,95214110.0,223400,556400,-5554211.81,财富通概念
456,家电行业,2026-01-27 00:00:00,38437052183,2760167320,2704656207,55511113,215607907.4,303800,489269,1602082.1283,财富通行业
1192,雅下水电概念,2026-01-27 00:00:00,38360116626,3242202377,3504293868,-262091491,215415642.71,1517579,1785830,-731616.952,财富通概念
843,天然气,2026-01-27 00:00:00,38118840955,3848740329,4357436593,-508696264,229750474.38,2555200,1905759,2473990.4744,财富通概念
1162,AI手机,2026-01-27 00:00:00,38108150278,4343271489,4272822803,70448686,145635216.92,329840,149644,3007032.7624,财富通概念
486,文化传媒,2026-01-27 00:00:00,37646544942,5775358002,5941224836,-165866834,257381595.32,1328900,1039504,4504554.2956,财富通行业
886,智慧政务,2026-01-27 00:00:00,37443719590,3333007982,3526869910,-193861928,108837849.62,489688,694868,-3913987.0114,财富通概念
889,医疗美容,2026-01-27 00:00:00,37422745721,2866730681,2679449403,187281278,88059983.57,705197,408965,1086746.8397,财富通概念
1001,内贸流通,2026-01-27 00:00:00,37075131302,2554453444,2679191536,-124738092,132108920.88,990000,766000,758429.12,财富通概念
842,富士康,2026-01-27 00:00:00,35836276561,3527355123,4082847709,-555492586,131489492.22,224561,80400,6970019.8175,财富通概念
160,江西板块,2026-01-27 00:00:00,35750633244,3947439753,4029439054,-81999301,150442720.78,665646,615348,2246046.414,财富通地域
1041,医疗器械,2026-01-27 00:00:00,35729998991,2935939680,2811618924,124320756,182270634.33,257872,188951,1577330.7188,财富通行业
512,化工原料,2026-01-27 00:00:00,35617952693,3839051823,3930811269,-91759446,177950253.9,592695,776900,-88452.1475,财富通概念
619,3D打印,2026-01-27 00:00:00,35403515594,3355659749,3787656350,-431996601,97636763.49,576220,383754,2750126.2684,财富通概念
1124,毫米波概念,2026-01-27 00:00:00,35375599913,6283601304,5873268285,410333019,154495824.93,228800,608332,-15899269.5138,财富通概念
1180,华为海思,2026-01-27 00:00:00,34969985712,4403411428,4212449311,190962117,146663901.0,677500,427000,1546518.68,财富通概念
617,石墨烯,2026-01-27 00:00:00,34317734264,3037595556,3271596097,-234000541,86577856.11,308200,939383,-4165377.5832,财富通概念
715,航母概念,2026-01-27 00:00:00,33915213302,4239485568,4670520870,-431035302,153422600.39,693100,701500,2587659.49,财富通概念
1110,Web3.0,2026-01-27 00:00:00,33831176508,5389351708,5479640960,-90289252,115288865.0,811000,696450,1487549.32,财富通概念
425,工程建设,2026-01-27 00:00:00,33537033211,3110297960,2955835360,154462600,100705631.67,2276579,1889400,2417823.936,财富通行业
706,人脑工程,2026-01-27 00:00:00,33533043491,3407860263,3521417231,-113556968,103085866.55,671197,560322,-1183924.6517,财富通概念
1100,减速器,2026-01-27 00:00:00,33399363667,2994005363,3284341148,-290335785,74586127.88,206798,267243,-4526368.73,财富通概念
868,GDR,2026-01-27 00:00:00,33345020253,2514083486,1841203215,672880271,120640569.0,768400,479800,9958870.71,财富通概念
451,房地产开发,2026-01-27 00:00:00,32949126400,1606204274,1863866377,-257662103,105102584.78,629700,856500,-4819560.38,财富通行业
980,化债(AMC)概念,2026-01-27 00:00:00,32926561823,3229181189,3046310105,182871084,109325076.24,1379900,1463800,-2208449.02,财富通概念
674,蓝宝石,2026-01-27 00:00:00,32901871616,3146242326,3153994817,-7752491,67108532.68,164700,222900,-1676929.83,财富通概念
690,氟化工,2026-01-27 00:00:00,32846103912,3595716452,3672724704,-77008252,176774838.09,333395,700000,-7421489.9175,财富通概念
1175,玻璃基板,2026-01-27 00:00:00,32510184123,4014790645,3851806589,162984056,118286449.53,313870,378413,-10555952.5746,财富通概念
1168,铜缆高速连接,2026-01-27 00:00:00,32391752289,3523538430,3548363558,-24825128,114401956.33,183748,305625,-4108998.1252,财富通概念
995,华为昇腾,2026-01-27 00:00:00,32341649715,2070519672,2207504989,-136985317,74752304.3,216288,270858,-3268696.2552,财富通概念
548,生物疫苗,2026-01-27 00:00:00,32130845976,2447254717,2160781839,286472878,123183596.87,503956,587700,-284721.1432,财富通概念
1152,高带宽内存,2026-01-27 00:00:00,32118418265,4160215571,4505659326,-345443755,167216883.97,71005,96943,328900.4335,财富通概念
173,贵州板块,2026-01-27 00:00:00,32109517141,1641660474,1830976265,-189315791,193249373.01,137100,94700,1591788.18,财富通地域
1044,生物制品,2026-01-27 00:00:00,32108102885,2575869165,2268174822,307694343,130084727.24,746274,239100,6109806.5246,财富通行业
1002,激光雷达,2026-01-27 00:00:00,32053880163,3406883693,3628812511,-221928818,129917914.83,340150,617157,1208098.1711,财富通概念
147,新疆板块,2026-01-27 00:00:00,31941672423,3581512547,3799343559,-217831012,147406615.89,645355,1029600,-5779624.846,财富通地域
945,装配建筑,2026-01-27 00:00:00,31864356312,2438866386,2207233088,231633298,84398115.25,2090679,1957851,-913523.7316,财富通概念
155,河北板块,2026-01-27 00:00:00,31779188315,3232119373,3182356753,49762620,101385927.06,315400,794000,-630141.8,财富通地域
870,单抗概念,2026-01-27 00:00:00,31581576588,2371100617,1851733063,519367554,151604052.15,457868,273891,2505009.848,财富通概念
908,HIT电池,2026-01-27 00:00:00,31433826566,6410702386,5549444334,861258052,172282130.4,2419779,462950,8998395.1841,财富通概念
1087,超超临界发电,2026-01-27 00:00:00,30830423028,3527286198,3747986868,-220700670,123683922.99,868500,1115500,-5170190.69,财富通概念
170,重庆板块,2026-01-27 00:00:00,30815720490,2135089912,2315567789,-180477877,122478893.13,576500,642950,-10444480.97,财富通地域
1170,AI制药（医疗）,2026-01-27 00:00:00,30771719208,2835187629,2683439969,151747660,111221830.63,775172,350032,4503443.7312,财富通概念
801,增强现实,2026-01-27 00:00:00,30655515281,2711754545,2837114841,-125360296,72135860.58,391061,195182,3982080.9395,财富通概念
998,机器视觉,2026-01-27 00:00:00,30473280986,2769723495,2878050591,-108327096,67121824.34,373861,355999,-806008.5162,财富通概念
175,内蒙古,2026-01-27 00:00:00,30434427010,4173192229,4110743218,62449011,205927435.0,778900,1163600,13283966.38,财富通地域
1053,低价股,2026-01-27 00:00:00,29830533573,2278431573,2403040464,-124608891,159773202.53,3375000,2137558,3325244.1704,财富通概念
1144,高压快充,2026-01-27 00:00:00,29730770276,2326391414,2492230678,-165839264,78734358.76,213860,227400,-297190.408,财富通概念
1102,空气能热泵,2026-01-27 00:00:00,29525532745,1886960385,1976685561,-89725176,142399863.0,197300,135530,3516389.392,财富通概念
664,婴童概念,2026-01-27 00:00:00,29184175682,2107539598,1951212529,156327069,99552224.72,457200,338800,-1401383.33,财富通概念
498,AB股,2026-01-27 00:00:00,29152749124,2174401936,2144262843,30139093,101106925.24,498500,441700,1204121.22,财富通概念
1094,钙钛矿电池,2026-01-27 00:00:00,28706649391,4630864917,4249579194,381285723,92339367.64,539030,367900,-912153.272,财富通概念
1159,Sora概念,2026-01-27 00:00:00,28626755853,5257472853,5035885432,221587421,141662998.3,1404400,908650,6157971.23,财富通概念
897,IPv6,2026-01-27 00:00:00,28577038141,2397257809,2254622293,142635516,72112517.8,455900,851900,-1883791.48,财富通概念
1156,PEEK材料概念,2026-01-27 00:00:00,28282245628,2529095390,2731494715,-202399325,54552886.04,92849,196499,-2514127.51,财富通概念
997,NFT概念,2026-01-27 00:00:00,27147965725,4546290247,4516434462,29855785,109185704.8,978100,861550,3016365.66,财富通概念
1176,财税数字化,2026-01-27 00:00:00,27135203838,2213270173,2282755477,-69485304,79265001.6,104800,434300,-10098903.41,财富通概念
915,WiFi,2026-01-27 00:00:00,27130855013,3699589693,3696143528,3446165,109227078.54,421673,328810,1278925.7795,财富通概念
853,电子竞技,2026-01-27 00:00:00,27129994997,3117881403,3156859644,-38978241,169193919.72,388400,819954,-15457431.1244,财富通概念
1092,麒麟电池,2026-01-27 00:00:00,27111879466,1234076179,1077107299,156968880,81900044.0,36300,43000,-1488697.8,财富通概念
171,云南板块,2026-01-27 00:00:00,27012408176,3169140814,2844412641,324728173,161652490.02,470700,451900,1583347.44,财富通地域
1015,能源金属,2026-01-27 00:00:00,26762629093,3050806900,2728868844,321938056,56056123.0,121300,239900,-3919372.53,财富通行业
1003,抽水蓄能,2026-01-27 00:00:00,26287190022,2799383704,3142371188,-342987484,133425524.19,382703,1633400,-14245726.2998,财富通概念
912,远程办公,2026-01-27 00:00:00,26247278556,2203201961,2254482071,-51280110,95706385.29,203513,315500,-926747.5971,财富通概念
1149,星闪概念,2026-01-27 00:00:00,26223085396,1918860266,2175528751,-256668485,81979705.61,101800,260820,-5091393.624,财富通概念
1182,智谱AI,2026-01-27 00:00:00,26189530802,4459805408,4332151497,127653911,109414737.88,832100,624550,3739393.16,财富通概念
947,屏下摄像,2026-01-27 00:00:00,25857702384,2154511077,2063962495,90548582,56452286.0,669700,236600,6505406.01,财富通概念
948,MicroLED,2026-01-27 00:00:00,25646218896,2556841403,2406231684,150609719,45325484.3,567400,240383,1382255.8454,财富通概念
677,粤港自贸,2026-01-27 00:00:00,25581026770,1624403314,1780344257,-155940943,100748319.78,943400,923151,483335.4124,财富通概念
1151,短剧互动游戏,2026-01-27 00:00:00,25556005723,4953977770,4910846256,43131514,147692989.72,1482000,1117104,4251659.3656,财富通概念
1097,TOPCon电池,2026-01-27 00:00:00,25256646096,5296526892,4955208729,341318163,84671604.13,1191855,275889,2024759.4591,财富通概念
992,REITs概念,2026-01-27 00:00:00,25093848026,1206374144,1321661161,-115287017,79983081.49,1312579,856400,18716.236,财富通概念
1010,磷化工,2026-01-27 00:00:00,25007158075,3431811799,3745157474,-313345675,122921479.01,1341495,470700,5598141.6525,财富通概念
1145,机器人执行器,2026-01-27 00:00:00,24684306672,2655334432,2840973298,-185638866,69482887.77,98198,192287,-4775576.4305,财富通概念
1050,昨日涨停_含一字,2026-01-27 00:00:00,24620053084,7177929320,6454513842,723415478,123522622.17,1287893,573645,17870255.3889,财富通概念
841,体外诊断,2026-01-27 00:00:00,24472390082,2390967780,2277511134,113456646,111487575.2,250698,211592,-111925.2868,财富通概念
985,换电概念,2026-01-27 00:00:00,24430342482,2103077089,2121653016,-18575927,49010254.15,311321,490200,-2725830.9505,财富通概念
161,辽宁板块,2026-01-27 00:00:00,24283538034,2478411807,2349600842,128810965,88332477.65,567956,611651,1087531.5331,财富通地域
1146,减肥药,2026-01-27 00:00:00,24075673502,1528539842,1384036502,144503340,84468054.12,571757,144018,4689214.3208,财富通概念
958,虚拟电厂,2026-01-27 00:00:00,23622737834,2305348788,2468924042,-163575254,58227363.05,266200,548884,-6394722.5288,财富通概念
815,昨日涨停,2026-01-27 00:00:00,23351328803,7140891241,6425823559,715067682,111393204.17,1287893,573645,17870255.3889,财富通概念
727,医疗服务,2026-01-27 00:00:00,23297338186,1796978268,1997165894,-200187626,79952930.56,291600,386212,-142395.016,财富通行业
1187,小红书概念,2026-01-27 00:00:00,23259894859,5174627042,4860641530,313985512,115510825.69,1085700,1218150,849787.96,财富通概念
1022,职业教育,2026-01-27 00:00:00,22746914997,3075498936,3067859555,7639381,147448944.6,1102100,660650,6081501.6,财富通概念
625,通用航空,2026-01-27 00:00:00,22648184848,2652395109,3003744060,-351348951,117993728.0,418400,285700,7731123.15,财富通概念
1078,肝炎概念,2026-01-27 00:00:00,22632863163,2091332190,2009883428,81448762,84531023.33,282600,117147,3349279.7948,财富通概念
888,农业种植,2026-01-27 00:00:00,22625273550,1593318305,1615099216,-21780911,116737235.72,236100,571200,-3029576.09,财富通概念
939,辅助生殖,2026-01-27 00:00:00,22469369112,1947861582,1845701516,102160066,62104606.47,176700,206318,-2088547.6604,财富通概念
643,上海自贸,2026-01-27 00:00:00,22446534710,1652566804,1627694980,24871824,80198830.37,81700,553010,-8176149.2413,财富通概念
926,湖北自贸,2026-01-27 00:00:00,22420389366,2157547784,2489410572,-331862788,107683923.11,274395,166200,87689.1925,财富通概念
676,独家药品,2026-01-27 00:00:00,22179994784,1438147288,1310361122,127786166,102805881.34,829240,342091,6577669.6376,财富通概念
433,农牧饲渔,2026-01-27 00:00:00,22084774847,1618656893,1467908668,150748225,91595632.4,202360,275600,-819697.814,财富通行业
806,精准医疗,2026-01-27 00:00:00,21985414523,2187757249,1995839629,191917620,89618128.26,276340,202621,-746892.4364,财富通概念
1019,化学原料,2026-01-27 00:00:00,21813752121,2620210816,2570433131,49777685,88170457.0,1266400,562500,3776881.58,财富通行业
1172,AI语料,2026-01-27 00:00:00,21792220196,3138584972,3171970168,-33385196,100303140.4,932000,882000,767679.96,财富通概念
684,京津冀,2026-01-27 00:00:00,21650756025,1435428212,1527719651,-92291439,73136939.75,712200,996200,-2541105.08,财富通概念
703,超级电容,2026-01-27 00:00:00,21625109152,2152876066,2202403252,-49527186,121231490.0,395100,506100,4252570.32,财富通概念
438,食品饮料,2026-01-27 00:00:00,21519811698,1154519794,903234325,251285469,109445704.83,199100,277600,-51564.64,财富通行业
838,东北振兴,2026-01-27 00:00:00,21370514059,1316939325,1321524452,-4585127,63907968.04,756900,451100,1732173.77,财富通概念
873,垃圾分类,2026-01-27 00:00:00,21355570645,1822921729,1925846009,-102924280,59986389.43,272100,494400,-3546967.67,财富通概念
1085,痘病毒防治,2026-01-27 00:00:00,21310625659,2407773083,2141460036,266313047,95794756.28,249140,162529,181410.9632,财富通概念
1189,腾讯云,2026-01-27 00:00:00,21273013381,2895277275,2916816000,-21538725,98367475.0,325600,196800,4266646.58,财富通概念
951,刀片电池,2026-01-27 00:00:00,21235756615,1186358457,1118135865,68222592,68825581.0,244100,174500,16811591.27,财富通概念
880,UWB概念,2026-01-27 00:00:00,21207163130,3487113260,3245032730,242080530,108747797.0,560500,361710,-767363.932,财富通概念
1183,谷子经济,2026-01-27 00:00:00,20973451859,2024980712,2008256410,16724302,66840274.0,346900,322800,-581041.76,财富通概念
972,快手概念,2026-01-27 00:00:00,20793841322,6002893087,5880701606,122191481,105745268.0,1085700,1248350,68225.03,财富通概念
1148,BC电池,2026-01-27 00:00:00,20716480344,3223820757,2981845020,241975737,69553784.19,1252346,271139,4617843.257,财富通概念
1040,中药,2026-01-27 00:00:00,20636116792,1293559183,1197372858,96186325,91796742.7,315400,161318,3047444.3896,财富通行业
913,消毒剂,2026-01-27 00:00:00,20531316249,1963463570,2042111442,-78647872,113411155.75,974295,352800,3167594.1725,财富通概念
847,影视概念,2026-01-27 00:00:00,20474183846,1646140374,1765930239,-119789865,66015716.57,498400,793854,-2936933.8944,财富通概念
909,降解塑料,2026-01-27 00:00:00,20405447595,1585619584,1762378260,-176758676,74584824.28,546500,787200,-4033830.42,财富通概念
672,沪企改革,2026-01-27 00:00:00,20279318072,1359567733,1378271270,-18703537,73484175.91,298500,492761,-3415381.8505,财富通概念
1169,Kimi概念,2026-01-27 00:00:00,20100900339,3650291304,3574492024,75799280,52473409.0,95213,136700,-291114.7071,财富通概念
901,3D摄像头,2026-01-27 00:00:00,19855066686,1381855571,1372248755,9606816,54925549.1,103700,88300,-1160182.95,财富通概念
976,被动元件,2026-01-27 00:00:00,19846868361,2955444099,2928710005,26734094,112696664.0,173300,143710,1013669.238,财富通概念
924,地摊经济,2026-01-27 00:00:00,19176389220,878999014,949597883,-70598869,38136669.0,330100,343700,688911.78,财富通概念
1020,非金属材料,2026-01-27 00:00:00,19070442559,2401887810,2456803752,-54915942,111728494.8,138700,449100,-5284332.13,财富通行业
975,磁悬浮概念,2026-01-27 00:00:00,18889644656,1939333528,1901742775,37590753,106438210.84,976000,1355700,-3399748.42,财富通概念
974,化妆品概念,2026-01-27 00:00:00,18532396434,976828932,969777473,7051459,80399225.83,185800,64765,514197.357,财富通概念
885,VPN,2026-01-27 00:00:00,18329105298,2111206279,1966696279,144510000,75952634.78,220900,402000,-466159.15,财富通概念
1034,电源设备,2026-01-27 00:00:00,18205722866,2029503532,2063478685,-33975153,61700911.46,93000,147797,-6482661.9734,财富通行业
991,工程机械概念,2026-01-27 00:00:00,18164823216,1984105088,1807998446,176106642,98132312.19,1364400,909900,4580449.0,财富通概念
899,CRO,2026-01-27 00:00:00,18043358266,1235849302,1299338135,-63488833,59012852.23,123900,108400,1659209.79,财富通概念
728,环保行业,2026-01-27 00:00:00,17932787868,1305027239,1358204145,-53176906,41286938.04,286500,574300,-2036073.46,财富通行业
454,塑料制品,2026-01-27 00:00:00,17707054944,1557271308,1768747756,-211476448,22219957.24,63300,326600,-3120055.29,财富通行业
1171,碳纤维,2026-01-27 00:00:00,17639790874,1718550582,1939896270,-221345688,58848456.04,394449,446699,-250243.88,财富通概念
693,基因测序,2026-01-27 00:00:00,17539320038,2552645806,2497188043,55457763,73593709.47,798972,767641,976425.8488,财富通概念
736,通信服务,2026-01-27 00:00:00,17418853654,1510691106,1506381287,4309819,35902683.0,435900,414100,864182.36,财富通行业
942,商汤概念,2026-01-27 00:00:00,17272411901,1636021690,1692929451,-56907761,43016256.88,289800,164300,1011554.13,财富通概念
1095,钒电池,2026-01-27 00:00:00,17066537101,2186613858,2390313580,-203699722,102511869.35,1886600,1110200,-725100.0,财富通概念
501,次新股,2026-01-27 00:00:00,16971454149,2468436988,2516846056,-48409068,11632109.34,20600,18500,139203.75,财富通概念
1075,电子身份证,2026-01-27 00:00:00,16812790124,954750055,1045848444,-91098389,44208774.56,102800,246720,-4826745.824,财富通概念
167,山西板块,2026-01-27 00:00:00,16802291204,1234138957,1181883101,52255856,110410030.66,695400,957500,2384524.34,财富通地域
986,CAR-T细胞疗法,2026-01-27 00:00:00,16796383129,1163406216,1193843876,-30437660,33961382.03,67800,78400,583811.37,财富通概念
1072,中俄贸易概念,2026-01-27 00:00:00,16765404896,1365312472,1546365970,-181053498,55775001.0,222200,221730,606902.062,财富通概念
698,免疫治疗,2026-01-27 00:00:00,16630577861,987593495,925885380,61708115,48757242.96,198298,124572,-419269.146,财富通概念
479,钢铁行业,2026-01-27 00:00:00,16529267150,1870872089,1749160998,121711091,107572570.48,1363300,1533700,-2222395.47,财富通行业
971,注册制次新股,2026-01-27 00:00:00,16341399388,2374322574,2398080284,-23757710,11632109.34,20600,18500,139203.75,财富通概念
732,贵金属,2026-01-27 00:00:00,16088500266,4171875336,4384317759,-212442423,118333688.8,659100,306500,10636237.53,财富通行业
875,ETC,2026-01-27 00:00:00,16043984696,1286216875,1413127810,-126910935,27182820.0,60900,178900,-618362.38,财富通概念
731,化肥行业,2026-01-27 00:00:00,16014115717,2104875116,2038264380,66610736,138879639.21,162195,322200,-4360706.9975,财富通行业
990,快递概念,2026-01-27 00:00:00,16013871086,908784177,972667663,-63883486,30845909.82,480100,181500,1972711.53,财富通概念
1039,电子化学品,2026-01-27 00:00:00,16000828409,1792840474,1928999090,-136158616,65505922.03,78819,172608,-2953151.5103,财富通行业
679,超导概念,2026-01-27 00:00:00,15996057979,2206257758,2447741366,-241483608,101800689.75,57300,167916,-1925492.0,财富通概念
927,免税概念,2026-01-27 00:00:00,15853204178,1017020306,1138099713,-121079407,54798419.5,230300,371200,-837519.65,财富通概念
708,体育产业,2026-01-27 00:00:00,15615119970,1362495843,1475666639,-113170796,75154910.72,235800,332784,181416.0376,财富通概念
422,物流行业,2026-01-27 00:00:00,15563898591,667932582,691838568,-23905986,47298222.72,397000,371500,228642.55,财富通行业
1032,风电设备,2026-01-27 00:00:00,15527497113,3032345204,2669886304,362458900,88375352.68,907094,459420,4195806.0448,财富通行业
148,吉林板块,2026-01-27 00:00:00,15461847939,926426831,956691166,-30264335,42371291.88,711200,131600,4100269.14,财富通地域
839,知识产权,2026-01-27 00:00:00,15360636555,1754915474,1923259922,-168344448,56234632.57,175300,131300,898589.02,财富通概念
981,工业气体,2026-01-27 00:00:00,15206913170,1435687676,1693318155,-257630479,62649311.31,303800,323108,-3349002.018,财富通概念
1068,净水概念,2026-01-27 00:00:00,15165718372,439950492,424874022,15076470,110419439.0,163800,54500,4595325.57,财富通概念
882,猪肉概念,2026-01-27 00:00:00,14971837526,1000030328,822073032,177957296,81587169.4,216760,118800,448134.416,财富通概念
822,租售同权,2026-01-27 00:00:00,14892125904,635445444,918748700,-283303256,58755169.36,256100,409600,-4234258.73,财富通概念
632,土地流转,2026-01-27 00:00:00,14837652288,1190723015,1144100347,46622668,46515198.46,690500,516161,1081647.2795,财富通概念
994,空间站概念,2026-01-27 00:00:00,14690563116,2330393300,2503227514,-172834214,124152500.24,186500,281100,-5405096.17,财富通概念
1008,国资云概念,2026-01-27 00:00:00,14677590633,1576986570,1485631418,91355152,43328685.2,408600,131600,4980758.83,财富通概念
1130,时空大数据,2026-01-27 00:00:00,14619932600,2164573369,2204966343,-40392974,78932366.52,33000,207307,-9247123.2227,财富通概念
881,3D玻璃,2026-01-27 00:00:00,14535214258,1213318689,1195161003,18157686,27023644.0,70400,98500,-2030967.1,财富通概念
1186,首发经济,2026-01-27 00:00:00,14425771848,1792790363,1715683229,77107134,64778369.8,736688,633553,2321819.9345,财富通概念
482,商业百货,2026-01-27 00:00:00,14424773309,878125475,923520084,-45394609,42963299.32,318800,160000,1335693.59,财富通行业
862,超级真菌,2026-01-27 00:00:00,14381551520,1038423376,917925381,120497995,52583971.64,96557,113900,-1065589.5288,财富通概念
450,航运港口,2026-01-27 00:00:00,14293892253,883519159,998274173,-114755014,53973496.27,415500,993400,-2853738.76,财富通行业
898,胎压监测,2026-01-27 00:00:00,14183102835,1040232259,1016955665,23276594,20274587.44,61300,40600,-435868.62,财富通概念
1057,电子纸概念,2026-01-27 00:00:00,14138739780,1594641164,1485236333,109404831,32101359.0,485200,235300,1205869.93,财富通概念
1046,游戏,2026-01-27 00:00:00,14129337407,1170653317,1197256193,-26602876,75352410.0,197100,555300,-13672606.89,财富通行业
925,北交所概念,2026-01-27 00:00:00,14112041911,1050608262,1117916107,-67307845,44701927.8,245500,249200,192262.47,财富通概念
1118,数据确权,2026-01-27 00:00:00,13940232290,1467160210,1568198317,-101038107,57824660.0,149900,161800,515510.85,财富通概念
1142,裸眼3D,2026-01-27 00:00:00,13547380560,1534989704,1419925074,115064630,30137698.0,278200,102600,763630.33,财富通概念
1093,汽车一体化压铸,2026-01-27 00:00:00,13455395569,978752796,1075051551,-96298755,47706432.0,189920,75200,-175919.35,财富通概念
1012,PVDF概念,2026-01-27 00:00:00,13443564851,1055242996,1140906185,-85663189,35398935.04,105400,35200,2314254.24,财富通概念
656,智能电视,2026-01-27 00:00:00,13417691720,1049461041,1163804659,-114343618,84688617.72,148800,675454,-5354531.8944,财富通概念
437,煤炭行业,2026-01-27 00:00:00,13245452538,1012902869,838051434,174851435,95306506.56,448600,849900,-5851304.83,财富通行业
1013,华为欧拉,2026-01-27 00:00:00,12975644214,619528581,711034866,-91506285,40204541.1,60700,278332,-8592262.3388,财富通概念
856,工业大麻,2026-01-27 00:00:00,12936880841,805247276,817921671,-12674395,38410873.34,257100,25400,2712178.27,财富通概念
895,维生素,2026-01-27 00:00:00,12920666858,1068437131,1165586747,-97149616,40765973.77,96500,118242,154625.4544,财富通概念
890,MLCC,2026-01-27 00:00:00,12903634117,2434804133,2282560278,152243855,90621513.0,115200,146310,-3681152.272,财富通概念
1185,冰雪经济,2026-01-27 00:00:00,12866997184,964943192,1015667612,-50724420,33015606.72,199100,90230,763983.732,财富通概念
1049,EDR概念,2026-01-27 00:00:00,12863667242,1869781539,1857929978,11851561,65080623.0,124700,41300,5899720.89,财富通概念
932,尾气治理,2026-01-27 00:00:00,12613770448,1888439327,1819304394,69134933,39121213.0,161600,304100,-360365.83,财富通概念
1011,环氧丙烷,2026-01-27 00:00:00,12548586217,1265447385,1330737991,-65290606,51761456.6,512700,300400,-297503.61,财富通概念
961,有机硅,2026-01-27 00:00:00,12387143950,1467464212,1493330190,-25865978,46330238.51,101295,238400,-198189.8875,财富通概念
176,海南板块,2026-01-27 00:00:00,12375005797,2208685381,2301944861,-93259480,56991192.06,453003,327300,282282.1502,财富通地域
1125,电子后视镜,2026-01-27 00:00:00,12282206619,766053031,873472950,-107419919,28984276.5,83200,22100,1471035.74,财富通概念
471,化纤行业,2026-01-27 00:00:00,12243151474,1037806868,877967598,159839270,70368658.75,159449,278699,-308864.67,财富通行业
946,EDA概念,2026-01-27 00:00:00,12220129614,1084635464,1233836290,-149200826,25819655.37,46652,35000,612011.6216,财富通概念
699,全息技术,2026-01-27 00:00:00,12175106996,702544394,782915031,-80370637,31093048.0,76700,67300,-1427005.61,财富通概念
614,食品安全,2026-01-27 00:00:00,12148636753,1137371533,1222357967,-84986434,41488460.9,187300,130300,1384346.81,财富通概念
1026,调味品概念,2026-01-27 00:00:00,12066890247,589029998,551798846,37231152,41609576.39,105600,211400,-1986892.98,财富通概念
1080,新型城镇化,2026-01-27 00:00:00,12039726185,1281431704,1288164170,-6732466,18727102.0,119900,60500,263393.93,财富通概念
1056,幽门螺杆菌概念,2026-01-27 00:00:00,12010905783,1174805765,1131992231,42813534,51922974.0,190800,74418,1787290.7496,财富通概念
692,旅游概念,2026-01-27 00:00:00,11812973410,904563180,889484272,15078908,43663262.48,447200,93800,2298520.91,财富通概念
606,油气设服,2026-01-27 00:00:00,11777103475,1599370782,1870191937,-270821155,68953539.1,720900,458200,2299342.6,财富通概念
729,船舶制造,2026-01-27 00:00:00,11723674562,712710284,814429286,-101719002,13760998.0,11400,144200,-4442203.75,财富通行业
1158,微盘股,2026-01-27 00:00:00,11688877314,937954170,917203276,20750894,9098634.68,32300,84372,-257772.7544,财富通概念
1133,ERP概念,2026-01-27 00:00:00,11595050144,979908888,1018909190,-39000302,43964879.29,67000,45400,350107.99,财富通概念
1113,复合集流体,2026-01-27 00:00:00,11567316132,966608804,1062387665,-95778861,25152543.71,52300,169800,-1720536.05,财富通概念
429,交运设备,2026-01-27 00:00:00,11559769920,679186708,760385609,-81198901,50756859.9,97727,453300,-1159065.1987,财富通行业
603,页岩气,2026-01-27 00:00:00,11459467677,1176215605,1506129635,-329914030,105512872.0,1177100,1177100,820149.97,财富通概念
738,多元金融,2026-01-27 00:00:00,11315700000,699104258,670375072,28729186,40848449.35,341300,781400,-2648890.12,财富通行业
484,贸易行业,2026-01-27 00:00:00,11236119717,888220715,906393537,-18172822,29274987.0,523100,192900,1217481.73,财富通行业
163,青海板块,2026-01-27 00:00:00,10805573163,1550149280,1491205487,58943793,110243036.0,68700,134200,-2755342.74,财富通地域
904,广电,2026-01-27 00:00:00,10730707634,806057681,910556134,-104498453,32935195.32,231800,311154,-1217994.6644,财富通概念
1025,预制菜概念,2026-01-27 00:00:00,10710244629,649842618,647861604,1981014,45370502.0,166900,93600,671950.5,财富通概念
993,宠物经济,2026-01-27 00:00:00,10494750934,1114546939,939139150,175407789,33827629.19,113500,112499,699388.5492,财富通概念
739,工程机械,2026-01-27 00:00:00,10457377132,978530230,937034028,41496202,80834032.79,398000,285800,1827764.01,财富通行业
1030,电机,2026-01-27 00:00:00,10415358153,780163439,975253496,-195090057,45709619.57,69700,134020,-6046452.162,财富通行业
458,仪器仪表,2026-01-27 00:00:00,10336271251,1125313474,1330158929,-204845455,31678158.42,82300,33500,2035087.65,财富通行业
1006,碳基材料,2026-01-27 00:00:00,10026955945,895068372,888863847,6204525,23713763.17,163100,434783,-1531677.3432,财富通概念
724,海绵城市,2026-01-27 00:00:00,10009043792,1229872232,1239897134,-10024902,26823532.0,428100,630800,-2391783.8,财富通概念
1058,地下管网,2026-01-27 00:00:00,9727746894,724183185,788573384,-64390199,20446273.0,143900,109900,-638622.19,财富通概念
943,汽车拆解,2026-01-27 00:00:00,9679146787,846532744,813078289,33454455,21908697.0,236300,265600,-482406.54,财富通概念
464,石油行业,2026-01-27 00:00:00,9659191732,1068371115,1331444849,-263073734,62718309.0,1074200,809400,2528145.66,财富通行业
1054,DRG/DIP,2026-01-27 00:00:00,9599154247,684896421,765334492,-80438071,27772064.12,199600,273300,-963439.45,财富通概念
539,综合行业,2026-01-27 00:00:00,9508056704,471199517,516763974,-45564457,12753801.0,54200,42500,-82850.83,财富通行业
174,西藏板块,2026-01-27 00:00:00,9476364086,1064023995,981892502,82131493,31831060.0,106000,35000,1378691.87,财富通地域
965,社区团购,2026-01-27 00:00:00,9474486471,455740613,515282083,-59541470,33357049.0,92600,56500,-647286.61,财富通概念
1007,植物照明,2026-01-27 00:00:00,9316352004,839139919,800933352,38206567,8944527.0,52200,21300,486518.09,财富通概念
955,C2M概念,2026-01-27 00:00:00,9228885472,783652928,919455819,-135802891,17907929.94,178500,34400,641857.89,财富通概念
146,黑龙江,2026-01-27 00:00:00,9168685847,635954370,772089360,-136134990,49527991.44,128600,81300,224866.8,财富通地域
1077,统一大市场,2026-01-27 00:00:00,9146622540,678251920,710563802,-32311882,27219231.92,633300,383500,788902.02,财富通概念
1065,气溶胶检测,2026-01-27 00:00:00,9106577409,1123042170,982251340,140790830,23611146.0,185800,89700,402397.55,财富通概念
485,旅游酒店,2026-01-27 00:00:00,8943439804,795519035,713696422,81822613,33113265.7,59900,41400,637616.72,财富通行业
944,肝素概念,2026-01-27 00:00:00,8595493873,339871037,316663803,23207234,16872301.28,22600,66400,-791963.92,财富通概念
546,玻璃玻纤,2026-01-27 00:00:00,8589344346,968191227,1111571819,-143380592,35714809.25,127900,115800,737649.51,财富通行业
983,核污染防治,2026-01-27 00:00:00,8569301360,901127616,919503187,-18375571,14196331.84,432500,88700,103902.81,财富通概念
152,甘肃板块,2026-01-27 00:00:00,8490915376,1447920120,1458698688,-10778568,43196539.0,998600,944800,4341398.35,财富通地域
894,阿兹海默,2026-01-27 00:00:00,8451945067,713457574,779544184,-66086610,32331348.88,49700,65600,-745155.09,财富通概念
154,广西板块,2026-01-27 00:00:00,8433742539,643836833,622913593,20923240,32218251.0,133200,239600,-422690.85,财富通地域
892,乳业,2026-01-27 00:00:00,8212710679,533377063,379613002,153764061,39931480.0,126300,86500,691866.0,财富通概念
566,滨海新区,2026-01-27 00:00:00,8183518705,525239913,528953151,-3713238,27376756.0,412000,339200,654585.03,财富通概念
671,彩票概念,2026-01-27 00:00:00,8176360793,714072762,771648275,-57575513,42758604.0,184700,193200,277355.44,财富通概念
872,青蒿素,2026-01-27 00:00:00,8094788682,514219063,438203566,76015497,30285062.76,27900,44300,-675022.64,财富通概念
436,纺织服装,2026-01-27 00:00:00,7695658018,489699760,501589801,-11890041,20118416.34,152500,55900,300265.98,财富通行业
1086,粮食概念,2026-01-27 00:00:00,7624428128,523031608,529079349,-6047741,34784383.0,75600,266200,-1470995.22,财富通概念
420,航空机场,2026-01-27 00:00:00,7600876322,371846213,379099001,-7252788,32926953.48,118900,286600,-837563.34,财富通行业
1042,医药商业,2026-01-27 00:00:00,7584039414,705982258,701634068,4348190,37298854.06,508200,275600,1213472.36,财富通行业
424,水泥建材,2026-01-27 00:00:00,7572136797,357951349,375378894,-17427545,19837805.6,50600,197200,-1527952.04,财富通行业
730,农药兽药,2026-01-27 00:00:00,7553532613,745895577,757421322,-11525745,21961510.8,59898,79700,-196904.1672,财富通行业
1023,培育钻石,2026-01-27 00:00:00,7488578798,1520224500,1477853315,42371185,25583318.11,91500,134900,-1751517.89,财富通概念
849,京东金融,2026-01-27 00:00:00,7479614994,263898329,268518987,-4620658,16674296.56,82300,95900,78732.16,财富通概念
1119,PLC概念,2026-01-27 00:00:00,7467584161,783745381,1065127272,-281381891,37971937.31,48370,43821,229192.8104,财富通概念
1018,橡胶制品,2026-01-27 00:00:00,7440925001,495136421,551675985,-56539564,23847893.44,66100,169200,-1583345.48,财富通行业
1066,民爆概念,2026-01-27 00:00:00,7379267222,828791131,968557115,-139765984,19719095.0,41100,137000,-1489872.91,财富通概念
669,生态农业,2026-01-27 00:00:00,7096707649,747837201,857334059,-109496858,28751083.0,122700,97200,-2135662.4,财富通概念
1179,房屋检测,2026-01-27 00:00:00,6918223978,549718189,599784122,-50065933,27374728.88,449600,229549,-711727.1691,财富通概念
1132,MLOps概念,2026-01-27 00:00:00,6883099471,536998985,557995647,-20996662,11022911.05,7900,71444,-187914.8896,财富通概念
1035,美容护理,2026-01-27 00:00:00,6761677197,355114967,330415516,24699451,25960132.83,16500,34165,-513495.713,财富通行业
1143,空间计算,2026-01-27 00:00:00,6710529995,1083079071,1026996945,56082126,12529636.8,90000,26500,320958.68,财富通概念
1076,建筑节能,2026-01-27 00:00:00,6615696038,761230242,796158549,-34928307,15699340.4,215000,96900,671439.81,财富通概念
928,抖音小店,2026-01-27 00:00:00,6490447153,551213607,590561075,-39347468,20670731.69,87900,95300,-64483.81,财富通概念
887,鸡肉概念,2026-01-27 00:00:00,6341994089,396151062,323768973,72382089,37866382.4,83900,48200,437892.55,财富通概念
855,纳米银,2026-01-27 00:00:00,6246371921,879578928,882313294,-2734366,11482100.0,99500,29700,1446826.66,财富通概念
914,医废处理,2026-01-27 00:00:00,6225917265,435485914,439852926,-4367012,12361308.2,125500,128700,-464395.52,财富通概念
1121,第四代半导体,2026-01-27 00:00:00,6190402346,906012102,979528741,-73516639,51928833.85,5900,134100,-4559491.36,财富通概念
1017,采掘行业,2026-01-27 00:00:00,6143896094,757352981,854623891,-97270910,28789583.0,593800,378300,1774821.78,财富通行业
817,昨日触板,2026-01-27 00:00:00,5958089126,3004653660,2595691683,408961977,23409553.32,1050300,137500,6116743.13,财富通概念
807,共享经济,2026-01-27 00:00:00,5921016712,503234324,537165370,-33931046,16072480.6,69000,90400,-394916.22,财富通概念
967,水产养殖,2026-01-27 00:00:00,5878079514,327596384,331768590,-4172206,18698543.0,59800,86100,-265071.9,财富通概念
