序号,代码,名称,最新价,涨跌幅,换手率,流入资金,流出资金,净流入,成交额,占总成交比,净流入占比,成交额亿,净流入亿,流入亿,流出亿,指数标签
817,300308,中际旭创,881.5,1.78,2.0,10599000000.0,9172000000.0,1427000000.0,19771000000.0,4.6,7.22,197.71,14.27,105.99,91.72,"沪深300,创业板,深证100"
4657,600487,亨通光电,70.0,-1.82,6.45,5274000000.0,5139000000.0,134000000.00000001,11242000000.0,2.62,1.19,112.42,1.34,52.74,51.39,
1758,300502,新易盛,412.25,0.77,2.03,5702000000.0,4823000000.0,878999999.9999999,10652000000.0,2.48,8.25,106.52,8.79,57.02,48.23,"沪深300,创业板,深证100"
147,600183,生益科技,148.58,5.4,2.89,5481000000.0,4457000000.0,1024000000.0,10194000000.0,2.37,10.05,101.94,10.24,54.81,44.57,"沪深300,上证50"
4822,603986,兆易创新,401.83,-2.28,3.43,4128000000.0,4981000000.0,-852999999.9999999,9334000000.0,2.17,-9.14,93.34,-8.53,41.28,49.81,"沪深300,上证50"
1134,688256,寒武纪,1062.08,1.34,1.28,4425000000.0,3964000000.0,459999999.99999994,8651000000.0,2.01,5.32,86.51,4.6,44.25,39.64,"沪深300,科创50,上证50"
4415,688825,长鑫科技,58.36,-1.29,3.09,3988000000.0000005,3618000000.0,370000000.0,8189000000.0,1.91,4.52,81.89,3.7,39.88,36.18,
5113,300476,胜宏科技,251.38,-4.44,3.7,3940000000.0,4089000000.0,-149000000.0,8117000000.0,1.89,-1.84,81.17,-1.49,39.4,40.89,"沪深300,创业板,深证100"
4003,002384,东山精密,199.06,-0.77,2.84,3934000000.0000005,4028000000.0,-94389000.0,7961000000.0,1.85,-1.19,79.61,-0.94,39.34,40.28,"沪深300,深证100"
407,000636,风华高科,55.66,2.86,10.89,3415000000.0,3592000000.0,-177000000.0,7006999999.999999,1.63,-2.53,70.07,-1.77,34.15,35.92,中证1000
465,601138,工业富联,65.55,2.65,0.54,3452000000.0000005,3045000000.0,407000000.0,6991000000.0,1.63,5.82,69.91,4.07,34.52,30.45,沪深300
2458,300394,天孚通信,268.0,0.31,2.28,3379999999.9999995,3318000000.0,61474000.0,6698999999.999999,1.56,0.92,66.99,0.61,33.8,33.18,"沪深300,创业板,深证100"
3387,601869,长飞光纤,425.6,-0.29,3.79,3018000000.0,3613000000.0000005,-595000000.0,6678000000.0,1.55,-8.91,66.78,-5.95,30.18,36.13,中证500
4758,600522,中天科技,35.33,-2.08,5.02,2716000000.0,2906000000.0,-190000000.0,6145000000.0,1.43,-3.09,61.45,-1.9,27.16,29.06,沪深300
974,001309,德明利,436.4,1.55,8.41,3042000000.0,3059000000.0,-17792000.0,6101000000.0,1.42,-0.29,61.01,-0.18,30.42,30.59,中证500
3725,002428,云南锗业,100.82,-0.53,8.99,2920000000.0,3111000000.0,-191000000.0,6031000000.0,1.4,-3.17,60.31,-1.91,29.2,31.11,中证1000
110,002636,金安国纪,74.02,6.64,10.4,2617000000.0,3007000000.0,-390000000.0,5623000000.0,1.31,-6.94,56.23,-3.9,26.17,30.07,
1662,600176,中国巨石,43.0,0.84,3.25,2702000000.0,2716000000.0,-14255000.0,5612000000.0,1.31,-0.25,56.12,-0.14,27.02,27.16,沪深300
1719,002463,沪电股份,123.0,0.8,2.33,2818000000.0,2776000000.0,42768000.0,5594000000.0,1.3,0.76,55.94,0.43,28.18,27.76,"沪深300,深证100"
1322,300394,天孚通信,270.2,1.14,1.88,2841000000.0,2607000000.0,235000000.0,5521000000.0,1.29,4.26,55.21,2.35,28.41,26.07,"沪深300,创业板,深证100"
4772,688008,澜起科技,216.51,-2.13,2.12,2122000000.0,3024000000.0,-902000000.0,5293000000.0,1.23,-17.04,52.93,-9.02,21.22,30.24,"沪深300,科创50,上证50"
356,603618,杭电股份,36.21,3.13,20.23,2453000000.0,2753000000.0,-300000000.0,5243000000.0,1.22,-5.72,52.43,-3.0,24.53,27.53,
4501,300285,国瓷材料,68.98,-1.47,8.53,2503000000.0,2621000000.0,-118000000.0,5124000000.0,1.19,-2.3,51.24,-1.18,25.03,26.21,"中证500,创业板"
5170,002028,思源电气,144.23,-6.0,5.88,2710000000.0,2364000000.0,347000000.0,5074000000.0,1.18,6.84,50.74,3.47,27.1,23.64,"沪深300,深证100"
4195,300750,宁德时代,369.4,-0.97,0.32,2500000000.0,2396000000.0,104000000.0,4930000000.0,1.15,2.11,49.3,1.04,25.0,23.96,"沪深300,创业板,深证100"
122,300475,香农芯创,175.55,6.18,5.88,2165000000.0,2350000000.0,-185000000.0,4581000000.0,1.07,-4.04,45.81,-1.85,21.65,23.5,"中证500,创业板"
3108,002475,立讯精密,57.14,-0.07,1.07,2299000000.0,2242000000.0,56996000.0,4542000000.0,1.06,1.25,45.42,0.57,22.99,22.42,"沪深300,深证100"
878,300408,三环集团,114.38,1.69,2.06,2021000000.0,2395000000.0,-374000000.0,4497000000.0,1.05,-8.32,44.97,-3.74,20.21,23.95,"沪深300,创业板,深证100"
3546,000938,紫光股份,36.28,-0.41,4.22,2112000000.0,2336000000.0,-224000000.00000003,4448000000.0,1.04,-5.04,44.48,-2.24,21.12,23.36,"沪深300,深证100"
3551,000938,紫光股份,36.28,-0.41,4.22,2112000000.0,2336000000.0,-224000000.00000003,4448000000.0,1.04,-5.04,44.48,-2.24,21.12,23.36,"沪深300,深证100"
2884,601899,紫金矿业,34.58,0.03,0.63,2085000000.0000002,2256000000.0,-171000000.0,4444000000.0,1.03,-3.85,44.44,-1.71,20.85,22.56,"沪深300,上证50"
3950,600584,长电科技,75.98,-0.73,3.15,1859000000.0,2174000000.0,-316000000.0,4340000000.0,1.01,-7.28,43.4,-3.16,18.59,21.74,沪深300
2383,002156,通富微电,63.95,0.35,4.42,2135000000.0000002,2194000000.0,-58910000.0,4329000000.0,1.01,-1.36,43.29,-0.59,21.35,21.94,
3958,300058,蓝色光标,13.45,-0.74,9.07,2175000000.0,2145000000.0,30104000.0,4320000000.0,1.01,0.7,43.2,0.3,21.75,21.45,"中证500,创业板"
83,002155,湖南黄金,29.2,8.07,9.71,2397000000.0,1912000000.0,484999999.99999994,4309000000.0,1.0,11.26,43.09,4.85,23.97,19.12,中证500
275,002407,多氟多,36.43,3.73,11.07,2205000000.0,2088000000.0,115999999.99999999,4293000000.0,1.0,2.7,42.93,1.16,22.05,20.88,中证500
792,688041,海光信息,250.47,1.83,0.7,2102000000.0,1929000000.0,172000000.0,4132000000.0,0.96,4.16,41.32,1.72,21.02,19.29,"沪深300,科创50,上证50"
4632,002837,英维克,64.81,-1.76,5.5,1895000000.0,2193000000.0,-298000000.0,4088000000.0000005,0.95,-7.29,40.88,-2.98,18.95,21.93,"沪深300,深证100"
71,688183,生益电子,133.62,9.8,3.65,2247000000.0,1680000000.0,567000000.0,4072999999.9999995,0.95,13.92,40.73,5.67,22.47,16.8,"沪深300,科创50"
3692,000725,京东方A,5.91,-0.51,1.89,1655000000.0,2294000000.0,-638000000.0,3949000000.0,0.92,-16.16,39.49,-6.38,16.55,22.94,"沪深300,深证100"
527,688300,联瑞新材,190.81,2.45,8.08,1770000000.0,1912000000.0,-142000000.0,3843000000.0,0.89,-3.7,38.43,-1.42,17.7,19.12,中证1000
5132,688498,源杰科技,1553.07,-4.78,1.95,1467000000.0,2057999999.9999998,-591000000.0,3814000000.0,0.89,-15.5,38.14,-5.91,14.67,20.58,"中证500,科创50"
1025,002436,兴森科技,36.23,1.48,6.73,1860000000.0000002,1907999999.9999998,-48219000.0,3768000000.0,0.88,-1.28,37.68,-0.48,18.6,19.08,
5076,002491,通鼎互联,22.72,-3.89,13.84,1594000000.0,2151000000.0,-556000000.0,3745000000.0000005,0.87,-14.85,37.45,-5.56,15.94,21.51,
10,300456,赛微电子,41.0,10.63,15.14,1816000000.0,1803000000.0,12885000.0,3651000000.0,0.85,0.35,36.51,0.13,18.16,18.03,中证1000
1028,000338,潍柴动力,27.39,1.48,2.7,1595000000.0,1662000000.0,-66803000.0,3558000000.0,0.83,-1.88,35.58,-0.67,15.95,16.62,"沪深300,深证100"
270,601212,白银有色,7.47,3.75,6.6,1645000000.0,1698999999.9999998,-53680000.0,3540000000.0,0.82,-1.52,35.4,-0.54,16.45,16.99,中证500
377,603186,华正新材,188.89,3.0,11.72,1755000000.0,1732000000.0,23363000.0,3519000000.0,0.82,0.66,35.19,0.23,17.55,17.32,
1251,002716,湖南白银,11.74,1.21,13.08,1723000000.0,1763000000.0,-40392000.0,3488000000.0000005,0.81,-1.16,34.88,-0.4,17.23,17.63,
8,300319,麦捷科技,21.12,11.22,19.23,1888000000.0,1574000000.0,315000000.0,3461999999.9999995,0.81,9.1,34.62,3.15,18.88,15.74,中证1000
4726,600206,有研新材,52.57,-2.01,7.44,1515000000.0,1794000000.0000002,-279000000.0,3395000000.0000005,0.79,-8.22,33.95,-2.79,15.15,17.94,
3094,002851,麦格米特,127.6,-0.05,5.23,1691000000.0,1675000000.0,16516000.0,3365999999.9999995,0.78,0.49,33.66,0.17,16.91,16.75,中证500
5,688205,德科立,180.83,13.32,11.83,1742000000.0000002,1514000000.0,227999999.99999997,3360000000.0,0.78,6.79,33.6,2.28,17.42,15.14,
146,600869,远东股份,18.92,5.4,7.99,1678000000.0,1501000000.0,176000000.0,3311999999.9999995,0.77,5.31,33.12,1.76,16.78,15.01,中证1000
3592,000988,华工科技,104.44,-0.44,3.06,1550000000.0,1710000000.0000002,-160000000.0,3260000000.0,0.76,-4.91,32.6,-1.6,15.5,17.1,"沪深300,深证100"
115,300620,光库科技,320.58,6.54,4.12,1737000000.0,1453000000.0,284000000.0,3236000000.0,0.75,8.78,32.36,2.84,17.37,14.53,"中证500,创业板"
5133,688766,普冉股份,408.85,-4.89,5.2,1414000000.0,1599000000.0,-184000000.0,3207000000.0,0.75,-5.74,32.07,-1.84,14.14,15.99,中证1000
4826,603083,剑桥科技,193.68,-2.29,5.85,1504000000.0,1651000000.0000002,-147000000.0,3202000000.0000005,0.75,-4.59,32.02,-1.47,15.04,16.51,
195,002466,天齐锂业,50.39,4.48,4.24,1702000000.0,1410000000.0,292000000.0,3112000000.0,0.72,9.38,31.12,2.92,17.02,14.1,"沪深300,深证100"
4575,603259,药明康德,157.33,-1.63,0.78,1346000000.0,1676000000.0000002,-330000000.0,3074000000.0,0.72,-10.74,30.74,-3.3,13.46,16.76,"沪深300,上证50"
4179,301526,国际复材,30.84,-0.96,6.94,1401000000.0,1525000000.0,-124000000.0,3065000000.0,0.71,-4.05,30.65,-1.24,14.01,15.25,"中证500,创业板"
1131,000657,中钨高新,68.45,1.35,3.12,1545000000.0,1511000000.0,34105000.0,3055000000.0,0.71,1.12,30.55,0.34,15.45,15.11,"沪深300,深证100"
5041,603629,利通电子,120.8,-3.53,6.85,1289000000.0,1726000000.0000002,-437000000.0,3040000000.0,0.71,-14.37,30.4,-4.37,12.89,17.26,
4367,688012,中微公司,371.5,-1.2,0.84,1349000000.0,1541000000.0,-192000000.0,2976000000.0,0.69,-6.45,29.76,-1.92,13.49,15.41,"沪深300,科创50,上证50"
188,600641,先导基电,35.55,4.56,8.81,1388000000.0,1397000000.0,-8610000.0,2960000000.0,0.69,-0.29,29.6,-0.09,13.88,13.97,中证1000
91,300454,深信服,129.01,7.51,7.86,1723000000.0,1184000000.0,540000000.0,2953000000.0,0.69,18.29,29.53,5.4,17.23,11.84,"中证500,创业板"
4465,600330,天通股份,28.74,-1.41,8.13,1338000000.0,1541000000.0,-202000000.0,2950000000.0,0.69,-6.85,29.5,-2.02,13.38,15.41,
4562,600460,士兰微,34.33,-1.58,5.09,1397000000.0,1419000000.0,-21189000.0,2948000000.0,0.69,-0.72,29.48,-0.21,13.97,14.19,沪深300
4084,600105,永鼎股份,40.65,-0.85,4.88,1420000000.0,1460000000.0,-39681000.0,2948000000.0,0.69,-1.35,29.48,-0.4,14.2,14.6,中证500
1504,300017,网宿科技,15.62,0.97,7.74,1475000000.0,1451000000.0,23496000.0,2926000000.0,0.68,0.8,29.26,0.23,14.75,14.51,"中证500,创业板"
1500,300017,网宿科技,15.62,0.97,7.74,1475000000.0,1451000000.0,23496000.0,2926000000.0,0.68,0.8,29.26,0.23,14.75,14.51,"中证500,创业板"
4601,688525,佰维存储,234.39,-1.7,2.61,1243000000.0,1511000000.0,-268000000.00000003,2907000000.0,0.68,-9.22,29.07,-2.68,12.43,15.11,科创50
3425,002281,光迅科技,175.83,-0.31,2.07,1473000000.0,1430000000.0,42558000.0,2903000000.0,0.68,1.47,29.03,0.43,14.73,14.3,中证500
32,600378,昊华科技,53.31,10.01,5.01,349000000.0,2509000000.0,-2160000000.0,2864000000.0,0.67,-75.42,28.64,-21.6,3.49,25.09,中证500
103,301666,大普微,501.1,6.8,20.88,1398000000.0,1334000000.0,63745300.0,2861000000.0,0.67,2.23,28.61,0.64,13.98,13.34,
3938,000977,浪潮信息,77.71,-0.72,2.47,1316000000.0,1534000000.0,-218000000.00000003,2850000000.0,0.66,-7.65,28.5,-2.18,13.16,15.34,"沪深300,深证100"
31,002396,星网锐捷,36.69,10.01,10.26,961999999.9999999,1818000000.0,-856000000.0,2781000000.0,0.65,-30.78,27.81,-8.56,9.62,18.18,中证1000
4794,300136,信维通信,60.71,-2.19,5.44,1258000000.0,1523000000.0,-265000000.0,2781000000.0,0.65,-9.53,27.81,-2.65,12.58,15.23,"中证500,创业板"
4768,600498,烽火通信,41.81,-2.11,5.11,1119000000.0,1441000000.0,-322000000.0,2767000000.0,0.64,-11.64,27.67,-3.22,11.19,14.41,中证500
4166,002536,飞龙股份,53.72,-0.94,9.26,1459000000.0,1286000000.0,173000000.0,2745000000.0,0.64,6.3,27.45,1.73,14.59,12.86,中证1000
2675,688981,中芯国际,126.56,0.18,1.06,1240000000.0,1354000000.0,-113999999.99999999,2708000000.0,0.63,-4.21,27.08,-1.14,12.4,13.54,"沪深300,科创50,上证50"
2030,301217,铜冠铜箔,115.2,0.58,2.78,1232000000.0,1357000000.0,-125000000.0,2688000000.0,0.63,-4.65,26.88,-1.25,12.32,13.57,"中证1000,创业板"
4474,300857,协创数据,255.5,-1.43,2.15,1239000000.0,1412000000.0,-172000000.0,2686000000.0,0.63,-6.4,26.86,-1.72,12.39,14.12,"中证500,创业板"
819,688167,炬光科技,296.15,1.77,6.88,1473000000.0,1033000000.0,440000000.00000006,2670000000.0,0.62,16.48,26.7,4.4,14.73,10.33,
670,601208,东材科技,50.11,2.06,5.17,1146000000.0,1286000000.0,-139000000.0,2651000000.0,0.62,-5.24,26.51,-1.39,11.46,12.86,中证1000
4963,601166,兴业银行,17.47,-3.0,0.71,940000000.0,1565000000.0,-625000000.0,2638000000.0,0.61,-23.69,26.38,-6.25,9.4,15.65,"沪深300,上证50"
1989,300433,蓝思科技,39.29,0.61,1.31,1257000000.0,1277000000.0,-19819000.0,2579000000.0,0.6,-0.77,25.79,-0.2,12.57,12.77,"沪深300,创业板,深证100"
229,301171,易点天下,36.58,4.13,14.05,1430000000.0,1086000000.0,344000000.0,2563000000.0,0.6,13.42,25.63,3.44,14.3,10.86,中证1000
4922,300604,长川科技,276.97,-2.75,1.85,1090000000.0,1416000000.0,-326000000.0,2554000000.0,0.59,-12.76,25.54,-3.26,10.9,14.16,创业板
94,688195,腾景科技,190.48,7.34,7.3,1439000000.0,1017000000.0,422000000.0,2527000000.0,0.59,16.7,25.27,4.22,14.39,10.17,
2946,603993,洛阳钼业,19.51,0.0,0.73,1118000000.0,1295000000.0,-177000000.0,2462000000.0,0.57,-7.19,24.62,-1.77,11.18,12.95,"沪深300,上证50"
2231,002916,深南电路,366.81,0.47,0.99,1226000000.0,1220000000.0,6540000.0,2446000000.0,0.57,0.27,24.46,0.07,12.26,12.2,"沪深300,深证100"
4116,301308,江波龙,382.8,-0.89,2.23,1123000000.0,1204000000.0,-80310000.0,2404000000.0,0.56,-3.34,24.04,-0.8,11.23,12.04,"沪深300,创业板,深证100"
3822,688347,华虹宏力,251.18,-0.61,2.31,1173000000.0,1132000000.0,41087000.0,2394000000.0,0.56,1.72,23.94,0.41,11.73,11.32,科创50
4567,600667,太极实业,19.82,-1.59,5.64,1041000000.0,1135000000.0,-93320000.0,2380000000.0,0.55,-3.92,23.8,-0.93,10.41,11.35,中证1000
3380,300570,太辰光,208.79,-0.28,5.89,1199000000.0,1130000000.0,69643000.0,2356000000.0,0.55,2.96,23.56,0.7,11.99,11.3,中证500
148,600664,哈药股份,9.22,5.37,10.09,1192000000.0,1022000000.0000001,170000000.0,2299000000.0,0.54,7.39,22.99,1.7,11.92,10.22,中证1000
4051,002185,华天科技,17.04,-0.81,4.0,1087000000.0,1204000000.0,-117000000.0,2291000000.0,0.53,-5.11,22.91,-1.17,10.87,12.04,中证500
5093,688836,宇树科技,589.9,-4.09,12.56,819000000.0,1311000000.0,-492000000.0,2246000000.0,0.52,-21.91,22.46,-4.92,8.19,13.11,
4639,688521,芯原股份,190.26,-1.78,2.21,974000000.0,997000000.0000001,-22329000.0,2243000000.0,0.52,-1.0,22.43,-0.22,9.74,9.97,"沪深300,科创50"
