trade_date,stock_count,gain_k,gain_top5_amount,gain_share_pct,loss_k,loss_top5_amount,loss_share_pct
20230809,5140,257,98230651.13099998,13.489863823592932,257,117140927.827,16.086782957879304
20230810,5143,258,123887193.18,18.05585157316479,258,85078922.08899999,12.3997674805004
20230811,5144,258,88652344.365,11.76230399867297,258,125152717.532,16.605136845682924
20230814,5143,258,111884186.469,15.252991931537926,258,90323348.7,12.3136374534243
20230815,5145,258,117507659.508,16.828570180508365,258,83312969.799,11.931461873032998
20230816,5148,258,109577059.849,15.764837494919098,258,84890742.51300001,12.213220197591188
20230817,5150,258,95402474.01,13.050125200329632,258,83680910.633,11.446729992806873
20230818,5153,258,75145409.74700001,10.23153028345882,258,109055514.699,14.848608916734966
20230821,5153,258,86454305.304,12.911550017961089,258,91528654.808,13.669380610655477
20230822,5154,258,161118133.063,19.89545753195762,258,69386023.143,8.568040421702248
20230823,5158,258,106118510.456,15.17416701558805,258,104884120.762,14.997658362209968
20230824,5158,258,129927868.868,16.680740597738676,258,101995991.679,13.094717045925028
20230825,5159,258,93109488.049,12.264757573218494,258,104385986.217,13.750143425974754
20230828,5161,259,126901911.263,11.379846216874135,259,76775149.852,6.884761544548645
20230829,5160,258,89617569.832,8.720444184609507,258,128555405.867,12.509380064585224
20230830,5161,259,123033061.94300002,12.610565639915627,259,107548402.886,11.02342876494718
20230831,5161,259,96121431.479,11.74102400372836,259,95901671.38,11.714180785127471
20230901,5163,259,92442003.007,12.515134881342254,259,86390861.22,11.695909278401816
20230904,5162,259,107966214.625,12.288609889663746,259,62707706.256,7.137330339237229
20230905,5165,259,106105389.217,13.295626678680092,259,96810623.849,12.13093814296288
20230906,5166,259,129241818.39699998,16.890029635268505,259,86212244.33500001,11.266688907674482
20230907,5167,259,112758417.644,14.824317063599562,259,102163732.562,13.431436832338942
20230908,5168,259,112825045.455,16.69259294143126,259,82338982.19299999,12.182145439575317
20230911,5169,259,119736204.276,14.38772494670637,259,90744175.059,10.903988807388307
20230912,5170,259,116299612.315,16.589389738935544,259,86829162.53599998,12.385620118093035
20230913,5170,259,97786713.456,14.19867566235281,259,97485503.57,14.154939848698204
20230914,5171,259,110430752.006,16.81035936380031,259,78680562.571,11.97717581143179
20230915,5172,259,89498117.31400001,12.55041222616555,259,97395359.894,13.65785060368238
20230918,5173,259,76353358.524,11.056661092597484,259,89523973.38599999,12.963885970786542
20230919,5173,259,91328264.256,14.58314924125398,259,74409168.351,11.8815354241109
20230920,5175,259,87414497.96400002,15.47430434433121,259,67316659.43599999,11.916541303999187
20230921,5176,259,102822145.994,18.01851416549293,259,54335351.111,9.52170647885248
20230922,5177,259,137803280.35700002,18.23286551889393,259,78010221.81799999,10.321596698002176
20230925,5178,259,111565062.307,15.72455644170422,259,73434318.15900001,10.350212304563104
20230926,5179,259,132605976.312,20.11704757985443,259,77089463.684,11.69489077315552
20230927,5179,259,124857803.135,17.619372491321567,259,73171621.525,10.325650644749974
20230928,5179,259,102615248.225,14.463404877303216,259,79426246.279,11.194963494106728
20231009,5179,259,136605810.607,17.990242742293137,259,63235528.292,8.327775362228488
20231010,5182,260,149811452.27099997,19.61111846026844,260,89352324.817,11.696696081129804
20231011,5182,260,137966191.228,16.66657126090835,260,103879261.545,12.548807063965048
20231012,5182,260,151967572.94300002,18.50208862075924,260,89832464.593,10.937124208361992
20231013,5183,260,169821958.12,21.302802060809924,260,72357401.742,9.07665548088387
20231016,5183,260,136921852.283,17.098416729848346,260,93617631.882,11.690707191657784
20231017,5185,260,130487785.845,17.996353390461795,260,94307071.709,13.006454042455635
20231018,5184,260,183615695.798,24.311329839372856,260,80457655.773,10.652861669037286
20231019,5187,260,128024333.341,15.99082602388977,260,156673255.014,19.569207650957186
20231020,5188,260,102964887.056,14.271613072219791,260,115057523.718,15.947732343531582
20231023,5189,260,144196342.212,20.27929353157976,260,71230967.641,10.017686157437677
20231024,5189,260,96583036.852,12.161275673672971,260,138562279.24699998,17.44710179777628
20231025,5190,260,118585449.38799998,13.765028946238605,260,101663838.875,11.80082119789751
20231026,5190,260,133329569.572,16.04389302239142,260,107564468.402,12.94351155255292
20231027,5191,260,107891385.012,11.321988431000095,260,118213593.14000002,12.405188178547997
20231030,5191,260,132222782.64599998,12.907880785868551,260,89733073.931,8.7599413480194
20231031,5194,260,101230429.271,11.19943262595632,260,127464150.403,14.101749591929394
20231101,5197,260,114147192.219,14.28718411130696,260,102241611.699,12.79702725738378
20231102,5197,260,120521989.057,16.00672241907312,260,104670263.98,13.901428894162922
20231103,5199,260,99736444.664,12.492225411155076,260,73026088.015,9.146690113644194
20231106,5193,260,169293026.078,16.120935722004994,260,84919855.245,8.086496884377665
20231107,5196,260,162325323.342,16.581867417583936,260,94320123.192,9.634995608693533
20231108,5199,260,175406480.63,17.138581849191553,260,110640059.539,10.810397138110453
20231109,5198,260,164995409.831,17.345471114988566,260,158083634.15899998,16.61885692981363
20231110,5199,260,124361841.003,15.209991229382757,260,142853910.233,17.47165130560062
20231113,5201,261,143350870.217,16.692583071133242,261,84822918.03799999,9.877258530358944
20231114,5201,261,149785464.873,16.9799240828547,261,63794642.85,7.231864543093525
20231115,5200,260,131301090.473,13.410601454179677,260,124942685.107,12.761177752210664
20231116,5201,261,136221927.42400002,16.15766689546562,261,96626174.828,11.461103038091228
20231117,5203,261,145324405.515,17.76185778278962,261,105051236.282,12.839585423623284
20231120,5205,261,132706594.214,14.439709085817151,261,103840789.993,11.298841686211922
20231121,5206,261,83541280.302,8.409266026752414,261,144304812.68300003,14.52572374286406
20231122,5206,261,59846714.967,6.833384510655814,261,129787551.502,14.8193304277227
20231123,5208,261,119679872.886,14.478440396447317,261,103005889.948,12.46128193598364
20231124,5209,261,57113386.053,6.979268582284662,261,113459422.463,13.864766866130926
20231127,5209,261,52816945.49299999,6.235953768266259,261,118849719.428,14.032264622774337
20231128,5207,261,130696198.742,16.653979552574068,261,68733776.273,8.758410081087455
20231129,5209,261,112709855.126,14.388131274154784,261,50260530.984,6.41607707594061
20231130,5209,261,123050880.79999998,15.887607593961173,261,71814145.817,9.272221060249446
20231201,5212,261,145538389.038,17.466490636567737,261,58848654.666,7.062600338594641
20231204,5210,261,121980953.739,14.41885286731462,261,77374335.796,9.146093134636816
20231205,5212,261,50575778.49,6.120984612162172,261,108841711.971,13.172677989872266
20231206,5213,261,137103312.504,16.70413042083851,261,87912925.031,10.710966340454966
20231207,5212,261,108911667.733,13.21683855847863,261,102593298.388,12.450080787489116
20231208,5215,261,172054809.95400003,17.8387857644797,261,72249180.784,7.49085514092584
20231211,5216,261,120316708.822,13.182303865566269,261,47047625.015,5.154696261002973
20231212,5217,261,94848752.719,12.029372644285166,261,92528144.192,11.7350570741533
20231213,5219,261,81734771.596,10.56788268610753,261,99126644.215,12.816561748156962
20231214,5220,261,72129342.132,9.670929567406311,261,113708538.7,15.2457687326186
20231215,5220,261,102703927.15,13.929159055050338,261,76980696.094,10.440461137340437
20231218,5220,261,77966309.125,11.172724119549066,261,84973819.993,12.176914090468198
20231219,5218,261,91191677.602,14.05551610610314,261,69861930.924,10.767928840956111
20231220,5221,262,65659225.653,9.75812798185512,262,119296562.444,17.729589597600352
20231221,5222,262,130192782.164,17.468926361880076,262,42391887.77399999,5.68803242050894
20231222,5222,262,100496077.883,12.844696462986793,262,120291477.635,15.37480417001538
20231225,5223,262,74089245.63800001,12.027379926318622,262,76456039.49599999,12.41159667319346
20231226,5225,262,90427579.419,14.584858561107788,262,65949187.125,10.636794356524115
20231227,5227,262,85574350.29500002,13.267403490066815,262,81986209.213,12.711099932399485
20231228,5226,262,134267396.619,15.051886190183438,262,92653879.888,10.38685258127476
20231229,5229,262,97159485.91799998,11.679681170969262,262,84688892.88100001,10.180573293762132
20240102,5229,262,64030938.988,7.992117699246013,262,103710817.533,12.944821261548276
20240103,5230,262,93649304.815,12.519003521958885,262,95000729.847,12.69966150728716
20240104,5230,262,80606400.258,11.827129574840855,262,101189106.016,14.847166783071462
20240105,5232,262,103882599.558,13.931185827578137,262,71760500.512,9.623448700420012
20240108,5232,262,102220531.784,15.439247065127471,262,46047664.84,6.954975305149244
20240109,5232,262,79120249.288,11.65059316204613,262,56239828.638,8.281411760717313
20240110,5234,262,81045985.955,12.515634751447688,262,90453806.66,13.96845004345072
20240111,5236,262,109657177.64400002,15.431231705102402,262,73790952.87799999,10.384047046126168
20240112,5234,262,80836393.872,11.925045338738032,262,40065427.312,5.910481830350506
20240115,5235,262,84048759.336,13.810029512651544,262,36399286.552,5.980757187777706
20240116,5237,262,46102058.294,6.714207472832455,262,64337694.60000001,9.370007454186757
20240117,5237,262,82835816.586,12.944096266466362,262,77536135.214,12.115957078757065
20240118,5240,262,142078547.26,16.402914232099096,262,49933776.717,5.764835526329535
20240119,5241,263,54058012.025000006,8.046280304329024,263,84811861.687,12.623845877831934
20240122,5242,263,167684941.998,21.066223597414904,263,51358633.679000005,6.452174225354368
20240123,5242,263,112007115.211,15.889699490301725,263,36447170.863,5.170516097961919
20240124,5244,263,86510786.46599999,11.255017870418058,263,70286351.888,9.144225579972456
20240125,5245,263,77290241.185,8.673903255094249,263,54171103.163,6.079356214362318
20240126,5245,263,77086911.389,9.314915150476985,263,88207328.486,10.658667803553833
20240129,5246,263,124354038.252,15.464239521976095,263,78010082.928,9.7010649954378
20240130,5246,263,72366515.573,10.914715798317896,263,69484483.104,10.480031813997448
20240131,5246,263,77841761.937,10.28215343533786,263,51893105.339,6.854583684315715
20240201,5246,263,109548064.588,15.592995405567583,263,44470646.631,6.329920945730351
20240202,5247,263,93912737.952,11.665395522939228,263,38869737.394,4.828214685909225
20240205,5247,263,151866864.521,17.31558033708404,263,19923929.373,2.27168975126147
20240206,5249,263,52300217.17,5.646417525884654,263,29103051.66,3.142013357527909
20240207,5250,263,84730975.86,8.283941423298282,263,23337327.856,2.2816337823706885
20240208,5252,263,25988079.532,2.563349067482716,263,99107673.585,9.77554198845951
20240219,5252,263,88484158.91499999,9.27560562225896,263,68441805.764,7.174608496329336
20240220,5252,263,72721324.241,9.217772056042763,263,83127821.867,10.536844886734372
20240221,5252,263,59128870.976,6.046175705366498,263,107116926.49,10.953156180510245
20240222,5252,263,79566798.619,9.705203834073162,263,32729955.244,3.992254214526848
20240223,5251,263,76211824.87499999,8.295009338048612,263,53622973.461,5.836404866600145
20240226,5250,263,72010009.33,7.311720318153412,263,117059849.184,11.885970932127735
20240227,5251,263,130742645.553,13.211534491412474,263,81037319.966,8.188815082439422
20240228,5251,263,135019273.54700002,9.986769455198656,263,42239269.103,3.1242490898228463
20240229,5251,263,137180789.782,13.05413887602009,263,90898254.164,8.649887752726187
20240301,5252,263,167254953.509,15.86037480188299,263,65488038.141,6.210069167849057
20240304,5252,263,142791056.76,13.28736866627072,263,47181727.175,4.390478069921028
20240305,5252,263,142491029.775,13.368815837006748,263,45575165.622,4.275960366794247
20240306,5251,263,96276307.406,10.34914744717368,263,106044443.817,11.399165740617752
20240307,5251,263,87102422.56100002,8.90458878737832,263,120009528.237,12.26872305152431
20240308,5253,263,149916561.009,17.53320309877958,263,56253007.11,6.578962270335903
20240311,5252,263,139348032.311,13.925281166394075,263,98167764.69900002,9.81006837512466
20240312,5254,263,108420990.421,9.512757096098005,263,172520963.44,15.136829250654504
20240313,5256,263,134291385.66799998,12.80357894155322,263,78229166.349,7.458507497700149
20240314,5256,263,119831701.774,11.951530599126372,263,124783526.588,12.445405633110704
20240315,5255,263,101528134.182,10.75856267224652,263,112402906.293,11.91092224474554
20240318,5254,263,142283519.063,12.550993175398576,263,74830233.417,6.600861119511636
20240319,5256,263,122644654.129,11.422847978023889,263,110443508.548,10.28646064733023
20240320,5257,263,126031497.261,12.678204112873631,263,98705872.352,9.929368642081124
20240321,5257,263,130628396.824,12.307341883049055,263,84604055.61,7.971092522000991
20240322,5257,263,178676223.607,16.39907082826521,263,95040239.205,8.722881997361638
20240325,5258,263,114612797.225,11.054824184486533,263,106348405.503,10.257693325712696
20240326,5258,263,98829431.479,10.401305093266298,263,149895353.604,15.775738882293666
20240327,5259,263,74964017.84,8.484860516707734,263,92080079.172,10.42215519730239
20240328,5260,263,134372130.589,14.5101199322297,263,72077733.07,7.783284723585047
20240329,5260,263,107129768.393,12.564769899120284,263,109661255.381,12.861676650473958
20240401,5262,264,109112424.505,10.980294474374496,264,86143968.532,8.6689132421328
20240402,5263,264,95100134.613,9.8960431608309,264,120099513.536,12.497458330459438
20240403,5262,264,113180664.73499998,12.413640918905392,264,89224295.241,9.786109358497692
20240408,5265,264,117997538.525,12.741451705896209,264,51259022.439,5.534982907796792
20240409,5266,264,88306230.924,11.16115273218805,264,100053386.634,12.64589279725713
20240410,5266,264,96813278.611,11.68117856759826,264,71472253.45,8.62361204120228
20240411,5267,264,102099924.052,12.591354960377704,264,76287392.94,9.408054437142708
20240412,5267,264,114359328.12,14.16522845392213,264,74012479.765,9.167627176091823
20240415,5267,264,159200157.94,16.048741635673412,264,32847811.459,3.311341183477243
20240416,5267,264,146396422.035,15.506900195938048,264,28581986.151,3.0275193921015178
20240417,5266,264,38680802.695,4.226211218033363,264,84460945.297,9.228086534668115
20240418,5266,264,104193151.05,10.993845515132987,264,61529482.028,6.492227303091852
20240419,5266,264,101727214.791,11.853905577402935,264,73676654.221,8.585274886263445
20240422,5265,264,59905811.951000005,7.312516030957641,264,94387960.191,11.521644554131738
20240423,5264,264,56547714.145,7.314112952996729,264,107828443.258,13.946972489683665
20240424,5264,264,112315662.756,14.164624931330945,264,77214653.368,9.737881407836168
20240425,5263,264,78160507.363,10.143586681961317,264,75182587.259,9.757115409882822
20240426,5256,263,158207920.206,14.617112646207634,263,72161321.433,6.667113521952206
20240429,5253,263,102334197.232,8.476380972673383,263,110721761.902,9.171126184918265
20240430,5242,263,85796823.283,8.349380526232382,263,112330378.659,10.931512848513586
20240506,5265,264,86061290.681,7.814514345851187,264,86855000.607,7.886584582703221
20240507,5265,264,100093135.635,10.349083695590272,264,91356402.83799998,9.445753228735107
20240508,5263,264,108535161.533,12.5703758623542,264,78358819.84,9.075398272842754
20240509,5266,264,113123639.69,12.571520044266997,264,70143340.08500001,7.795085167582043
20240510,5266,264,116286039.195,12.766366395729722,264,76434539.906,8.39130258872019
20240513,5265,264,127871894.238,14.075746016450868,264,48830980.245000005,5.375164572002513
20240514,5268,264,76551106.21000001,9.314294185567276,264,85657356.809,10.422289892042178
20240515,5269,264,91204991.525,12.04031314014276,264,89362272.34799999,11.797048867547058
20240516,5269,264,100667009.987,11.946213973269204,264,77914883.1,9.24620553779294
20240517,5270,264,123393213.188,13.970827937450478,264,70980224.507,8.036523872978622
20240520,5266,264,132379650.042,13.354558422404844,264,70188641.045,7.080682772067055
20240521,5269,264,93414126.209,11.720088485354747,264,76302793.532,9.57323617066211
20240522,5270,264,121170759.375,14.606736719430266,264,76945462.12599999,9.275522517367856
20240523,5270,264,70120046.77,8.24697454355759,264,71109055.217,8.363294025096527
20240524,5270,264,82454489.05499999,10.802342394670966,264,96487831.234,12.640847112807272
20240527,5268,264,102058810.606,13.208080726192748,264,64428089.818,8.338049466750427
20240528,5268,264,101514914.048,13.708236754402684,264,76356847.28,10.310974994660208
20240529,5267,264,101510986.992,14.357483774084562,264,60080678.661,8.49767492733843
20240530,5268,264,93866121.019,13.000545087005086,264,76665030.614,10.618178063331142
20240531,5268,264,78739012.836,11.044871333216111,264,74122979.776,10.397371582060206
20240603,5269,264,149252517.233,18.01692736685268,264,51076119.80499999,6.165622917238709
20240604,5267,264,103723703.51,13.93775209690634,264,40791519.487,5.481313017434987
20240605,5270,264,87484193.324,12.747992473398815,264,50582578.933,7.370775348351836
20240606,5270,264,168371686.49699998,19.956974397207205,264,36161162.68,4.286156495741125
20240607,5267,264,31275664.251,4.380593670408515,264,119171078.049,16.691574190323294
20240611,5267,264,78497621.975,11.20886321994861,264,86504437.523,12.352175565556644
20240612,5271,264,79283108.526,11.488678984538932,264,65572029.956,9.501847449409816
20240613,5272,264,79220851.596,10.556439652341084,264,71894794.131,9.580218342410603
20240614,5274,264,119258080.132,14.121146277035203,264,85722081.537,10.150205765647817
20240617,5273,264,134651936.219,17.974821522504012,264,45155414.537,6.027841409997705
20240618,5273,264,79864769.812,10.88122669099591,264,59868576.92,8.156832589229646
20240619,5274,264,84500201.781,12.004477221070566,264,68020644.512,9.663317487964218
20240620,5274,264,70155375.579,9.708875585693454,264,66495714.295,9.202411244238617
20240621,5274,264,56675389.275,9.156483846540995,264,48642304.826000005,7.858657595392267
20240624,5275,264,106731441.841,15.359659494048728,264,35550407.573,5.116038402342407
20240625,5270,264,45160628.977,6.969011303249325,264,85813817.11500001,13.242451998487043
20240626,5277,264,69002410.903,10.75217960273476,264,62097139.428,9.676177791592051
20240627,5275,264,78396789.843,12.54981439130386,264,59753377.866,9.565363619779667
20240628,5277,264,109079122.938,15.573059884379273,264,63810818.825,9.110173203334536
20240701,5275,264,76685173.14699998,11.683466280084495,264,52751361.292,8.037000186492342
20240702,5276,264,48982090.341000006,7.614785090074588,264,75114746.507,11.677383463307672
20240703,5277,264,61394375.982,10.591073929632602,264,52531870.443,9.062213185240529
20240704,5278,264,86925572.016,14.960444439782895,264,35183030.224,6.055223528382083
20240705,5278,264,49696440.155,8.683074894466337,264,79158183.971,13.830697687528112
20240708,5275,264,104048922.628,17.953981487418798,264,40125327.947,6.923756411324733
20240709,5277,264,104604086.085,14.495028629508536,264,40907487.196,5.668566308064158
20240710,5279,264,92754919.675,13.741482201841956,264,56355817.931,8.349017731701057
20240711,5279,264,67677523.66499999,8.627758761688069,264,115409813.156,14.712831863799575
20240712,5279,264,89033575.70699999,13.00957680977203,264,88064535.35,12.867980733729349
20240715,5280,264,82173993.00899999,13.712605279734616,264,51756672.82399999,8.636781529530255
20240716,5280,264,92824736.402,14.49788819194655,264,46299914.867,7.231380503267953
20240717,5278,264,22243894.775,3.263150862157622,264,90196361.737,13.231690697276836
20240718,5278,264,85551710.96000001,12.649496121049973,264,24092663.285,3.5622905415867394
20240719,5277,264,70372224.208,10.480550914756384,264,81870231.32900001,12.192951658176014
20240722,5278,264,82678379.057,12.601429157550992,264,52438623.747,7.992435384004358
20240723,5278,264,70912164.95300001,10.723212418019934,264,79771430.352,12.0628948942785
20240724,5278,264,77842662.031,12.433659903703711,264,58328833.606000006,9.316753316425748
20240725,5277,264,65935407.22899999,11.219013632007451,264,102932948.41300002,17.514203672351858
20240726,5280,264,81517316.614,13.448656839797271,264,70865602.707,11.691346233398624
20240729,5279,264,92364478.869,15.810100790568333,264,48485795.675,8.29935193614709
20240730,5280,264,87713797.71,14.646196369847797,264,81491742.915,13.60725564751337
20240731,5280,264,105484694.833,11.69202782960874,264,122391884.307,13.56603742089054
20240801,5279,264,94678678.641,12.133470070739596,264,70832628.225,9.077498618867338
20240802,5281,265,83291462.903,11.572599598465477,265,88443115.528,12.288375393746428
20240805,5281,265,84404876.454,10.72044879479037,265,104741267.177,13.303418459292963
20240806,5283,265,77558866.127,11.910387924475357,265,116610474.743,17.90737873826222
20240807,5283,265,77073999.974,13.068783989796437,265,70566485.578,11.965360007902364
20240808,5284,265,59373788.555,9.61326790334745,265,84958399.98300001,13.755697245422787
20240809,5284,265,78118969.011,13.933597092360785,265,55999954.191,9.98836529419868
20240812,5284,265,59193404.738000005,11.968492182614202,265,55166297.487,11.154239279516691
20240813,5284,265,58998685.31999999,12.393793447481796,265,48516799.167,10.191874350205518
20240814,5285,265,69514289.366,14.594655600832697,265,46357345.259,9.732811696625284
20240815,5286,265,84281478.575,14.299836477059058,265,40429292.594,6.8595411797730765
20240816,5287,265,88403868.884,15.012312657210307,265,72523939.067,12.315660639636596
20240819,5286,265,82272170.187,14.50468341136174,265,55470439.576,9.779505790477913
20240820,5287,265,72087905.86400001,12.980220464432524,265,55976967.332,10.079268750995176
20240821,5288,265,78465385.073,15.42950585256012,265,56874866.025,11.183926229124902
20240822,5288,265,77984098.726,14.227741910507616,265,67394241.265,12.295684461801883
20240823,5287,265,77552889.248,15.260024122439154,265,51253044.61400001,10.085023327203253
20240826,5289,265,58774149.728,11.198148016208878,265,71844912.22600001,13.688500217213775
20240827,5288,265,63464921.248,12.446626512085237,265,57127058.785,11.203656294669084
20240828,5288,265,50010479.583,10.106028779324944,265,66311399.866,13.40008976180508
20240829,5288,265,75082220.555,12.401275761169988,265,100603720.11,16.61664328067864
20240830,5288,265,132202185.002,15.125965692357928,265,95706263.649,10.950270303600778
20240902,5287,265,79544640.387,11.32594789333856,265,76851202.08500001,10.942443213275164
20240903,5289,265,75224960.895,13.008067475747628,265,84551531.68200001,14.62083883077663
20240904,5290,265,76081336.95699999,13.653738533034169,265,69456516.174,12.46483236475251
20240905,5290,265,69938529.227,13.108467941685262,265,68772104.01799999,12.889846709189465
20240906,5291,265,101709036.125,18.800604241309728,265,47661613.089,8.810103402095502
20240909,5288,265,59785560.58,11.577036678093506,265,80719977.34599999,15.630833420706194
20240910,5288,265,64131237.622,12.220780255280165,265,65820113.408,12.54261062413756
20240911,5292,265,87678412.68400002,17.647693105493726,265,66649021.904,13.414949567828572
20240912,5292,265,62622715.892000005,12.237741273426872,265,76595579.986,14.968320635810814
20240913,5293,265,80286042.35499999,15.320691368874051,265,66492991.464,12.68861399231342
20240918,5289,265,73991786.643,15.51768921299486,265,40183450.818,8.4273448390691
20240919,5293,265,59541676.381000005,9.57237031644484,265,67468585.368,10.84676017075086
20240920,5293,265,92335109.555,16.192605655422547,265,48000655.722,8.417769720033425
20240923,5294,265,85159548.351,15.573836286686335,265,51493941.903,9.417126282164489
20240924,5295,265,154365697.86299998,15.978000112065596,265,87118879.00999999,9.017453215676197
20240925,5298,265,121897968.32299998,10.581398910838155,265,95361496.169,8.277890481527923
20240926,5299,265,194032536.105,16.778159012061405,265,86263547.556,7.459282586791859
20240927,5299,265,242900071.432,16.805052363888407,265,125836634.06800002,8.70601318616826
20240930,5296,265,166364493.866,6.41090275413622,265,257559254.643,9.92511861499754
20241008,5292,265,134423348.103,3.881258051228912,265,342344208.119,9.884638589981686
20241009,5292,265,570756107.849,19.34024338503328,265,101652391.602,3.4445220422827534
20241010,5293,265,182831757.597,8.509965348195404,265,396585895.272,18.459223226343635
20241011,5294,265,244556701.578,15.507379604880509,265,117976362.794,7.4809000548535325
20241014,5295,265,234051514.777,14.348134350531131,265,158102820.028,9.692227393276882
20241015,5296,265,238739133.718,14.59499495207294,265,188433146.21500003,11.519606253827144
20241016,5299,265,181937562.428,13.235070355275877,265,220348854.983,16.029304556383714
20241017,5302,266,234238239.255,15.614758920767468,266,125627249.857,8.374547326837464
20241018,5301,266,332110275.741,15.770110576332824,266,137180444.76,6.513953167961688
20241021,5301,266,179662946.598,8.13721767558589,266,206771986.39600003,9.365028762899442
20241022,5300,265,210217809.177,10.81859229719928,265,174196848.914,8.96481937108675
20241023,5297,265,231555046.328,11.87591214115401,265,290239957.988,14.885722836008512
20241024,5299,265,170207030.973,10.980868083548224,265,173680171.95,11.204936987670362
20241025,5299,265,205871572.439,11.324171699158851,265,156883358.37300003,8.629525999675955
20241028,5296,265,201286122.979,10.6502713608961,265,149817231.59,7.926995400165676
20241029,5298,265,205076837.25,9.789212148799116,265,127243739.997,6.073898847575817
20241030,5296,265,319822501.903,17.035878130250286,265,143269963.417,7.6315131736343105
20241031,5300,265,296977363.78000003,13.222532065382303,265,137880304.625,6.138941789648688
20241101,5299,265,286776698.12,12.759934231109767,265,188539963.512,8.38895750638108
20241104,5299,265,206884079.539,12.104941621136458,265,207169468.907,12.121639965671385
20241105,5302,266,331760727.937,14.223649153672072,266,196092868.954,8.407131811177903
20241106,5303,266,250672158.986,9.625948847217144,266,342387110.675,13.147853461812227
20241107,5303,266,338354692.763,13.29677845068728,266,301152741.33299994,11.834803438434598
20241108,5305,266,289351176.864,10.678981781515963,266,254545142.612,9.394407757341076
20241111,5301,266,268459650.353,10.622508845887806,266,184247236.922,7.290361517869943
20241112,5302,266,262908854.623,10.232016678870217,266,201441637.533,7.839805159899201
20241113,5302,266,270864510.994,13.36707064287617,266,206273435.184,10.179523222643011
20241114,5303,266,193563106.014,10.41979720442012,266,241395440.554,12.994684722936851
20241115,5305,266,169403947.746,9.153849233931622,266,281343554.31500006,15.202576524364222
20241118,5303,266,184352517.321,10.330678263676209,266,191405214.934,10.725894727165208
20241119,5306,266,202126121.375,12.74033953488648,266,124305760.871,7.835195119094716
20241120,5308,266,201652673.201,12.303181283237375,266,149649543.853,9.130379665941916
20241121,5308,266,169882188.10000002,10.330734085824728,266,154142141.776,9.37356350254916
20241122,5310,266,215036264.188,11.813221099264544,266,147765986.63300002,8.117664607121696
20241125,5309,266,183635394.067,12.1452538939102,266,188980536.131,12.498770207016012
20241126,5310,266,133584595.612,10.073590003849496,266,188186157.61,14.191083840752732
20241127,5309,266,204261767.171,13.822739064402173,266,128157111.82099998,8.672608391104724
20241128,5307,266,155745116.518,10.27405313624682,266,219140524.762,14.456064151774484
20241129,5313,266,234201368.824,13.490551414629667,266,141543764.876,8.153254812592078
20241202,5311,266,180780230.541,9.96813546605813,266,174737931.222,9.634965970931267
20241203,5311,266,187386863.882,10.754462362894737,266,170034088.60799998,9.7585560079353
20241204,5311,266,241432210.876,14.321585565086876,266,146054869.416,8.663870085724202
20241205,5315,266,235638623.54400003,15.540960328010083,266,161232408.34100002,10.633683154023013
20241206,5313,266,208388420.007,11.539776442913396,266,150400175.965,8.328602940377571
20241209,5311,266,191772128.23,11.628592980446015,266,88705053.24200001,5.378857548177566
20241210,5314,266,240929790.286,10.8848789595584,266,205070400.361,9.264800685161983
20241211,5315,266,220557912.227,12.32885895462707,266,175566723.518,9.813918483013522
20241212,5316,266,228570839.545,12.189054202508055,266,154503093.027,8.23922499961104
20241213,5316,266,255937466.089,12.32582915405855,266,207788733.771,10.007008632760623
20241216,5320,266,176910355.695,10.369945676212955,266,195358471.356,11.45131797056797
20241217,5317,266,255913158.821,16.887313901370156,266,152996760.8,10.096019827294745
20241218,5319,266,215635048.226,15.775362255691212,266,103623282.369,7.580840085798508
20241219,5318,266,230948717.419,15.865343496110244,266,162979274.444,11.196088035032128
20241220,5322,267,203847929.727,13.366431923442166,267,136000557.997,8.917638763619351
20241223,5320,266,222741765.127,14.491097444958289,266,108591369.934,7.064719642936692
20241224,5320,266,157708296.22800002,12.004328223946464,266,122921611.31399998,9.356460017146809
20241225,5317,266,207778966.237,16.14186514042693,266,89726205.77600001,6.970620459947573
20241226,5322,267,195244605.254,15.26067684904543,267,99496777.913,7.776850854732777
20241227,5320,266,131657762.63099998,9.14310908786169,266,181083073.321,12.575500754782835
20241230,5317,266,181336755.578,14.145185645600195,266,83050699.694,6.478375337774852
20241231,5320,266,105722422.962,7.820661196911782,266,182649257.472,13.511210966754383
20250102,5319,266,154796656.42499998,11.043142784018375,266,230742743.235,16.46111174988317
20250103,5322,267,135467026.639,10.627205433052334,267,119382266.015,9.365377667774522
20250106,5322,267,110570614.558,10.376481679139552,267,102905321.025,9.65713343070706
20250107,5324,267,151525433.84500003,13.977682982524254,267,89521819.65100001,8.258069839155773
20250108,5324,267,188223477.355,15.03184383415245,267,96022788.022,7.66854153557208
20250109,5325,267,173326235.253,15.410445566643435,267,117190255.04500002,10.419392330745127
20250110,5326,267,168307276.44399998,14.53015520714265,267,112930046.953,9.749377118124553
20250113,5326,267,96785136.62,9.95967983819132,267,103117611.025,10.611323467160563
20250114,5329,267,154422839.706,11.306374815130836,267,100111087.227,7.329832021569412
20250115,5331,267,162725886.638,13.503395802551657,267,142409588.055,11.817499190297434
20250116,5331,267,166856679.914,12.975041940325571,267,179981392.986,13.995640592124891
20250117,5331,267,168853719.948,14.748822248171216,267,119323733.787,10.422539344436933
20250120,5330,267,143367692.928,12.049589290502972,267,102837276.091,8.643139296891084
20250121,5332,267,249585043.392,20.598751247641857,267,75396472.992,6.22262123965693
20250122,5336,267,195929633.98,17.16924133234559,267,100515718.152,8.808155191173793
20250123,5337,267,152627154.882,11.216718857367274,267,191766325.101,14.09309474864676
20250124,5334,267,208776376.461,17.033482132163762,267,73019293.116,5.957440423471256
20250127,5335,267,103687637.889,9.24373636408428,267,192396599.227,17.152126104990987
20250205,5337,267,262726006.568,20.298786358235123,267,158504800.722,12.24642786087396
20250206,5339,267,229987666.13,14.85296583514215,267,108227824.651,6.989523434028068
20250207,5339,267,289969368.64900005,14.616979934374378,267,170542605.37300003,8.59683163193198
20250210,5341,268,232410987.532,13.27311218370262,268,163563007.95599997,9.341168318924312
20250211,5340,267,190028968.79,11.379214862915886,267,205824445.545,12.325071302604131
20250212,5340,267,295234293.315,17.32685944737433,267,117877396.518,6.91804823401939
20250213,5341,268,287357034.68,15.575511041616268,268,192461417.371,10.43191768277168
20250214,5340,267,273295456.845,15.763050912609094,267,192422103.534,11.098462629907685
20250217,5344,268,265487675.959,13.540535035315507,268,242199321.072,12.352770729031915
20250218,5343,268,231569463.796,12.74936945722176,268,194177648.382,10.690712579174612
20250219,5343,268,269844016.64100003,15.504372941367714,268,118159410.193,6.789061269428073
20250220,5342,268,233788354.047,13.107456845754143,268,214956515.056,12.051640708517905
20250221,5344,268,385764354.634,17.363457539671085,268,118832374.965,5.348708018916569
20250224,5341,268,240949395.162,11.438255902029946,268,237432197.901,11.271288882659809
20250225,5339,267,239542123.092,12.493405798225009,267,231290879.043,12.063059189813451
20250226,5340,267,221691837.587,11.300476958121322,267,203652587.017,10.380947679881372
20250227,5338,267,234772112.153,11.54572132343112,267,277208043.6,13.632653344845949
20250228,5339,267,159192722.081,8.38837091902826,267,225721098.692,11.89396270964994
20250303,5337,267,163962541.52699998,9.895132037933545,267,255926221.939,15.445136032115428
20250304,5339,267,186728321.867,12.67015773764079,267,171962283.161,11.668231314832871
20250305,5338,267,224656973.491,14.598643369857903,267,110172651.11,7.15923132798325
20250306,5336,267,256628129.41000003,13.21082473188812,267,77435381.529,3.98625534846237
20250307,5336,267,218135038.092,11.797625039644718,267,211350177.132,11.430672319658282
20250310,5336,267,146295907.262,9.521677771384295,267,209142306.408,13.612039374517447
20250311,5339,267,217835677.296,14.402728384376836,267,132713988.941,8.774703754918448
20250312,5338,267,184049579.852,10.727212417314428,267,165826648.507,9.665100482252448
20250313,5340,267,173676599.827,10.592022130323327,267,206710003.442,12.606631712031572
20250314,5340,267,233201259.347,12.737729687902476,267,154468088.04099998,8.437230383673272
20250317,5337,267,164852078.451,10.221796708094164,267,157634713.464,9.774277705856292
20250318,5343,268,189492134.245,12.166407206427946,268,121485252.966,7.80000216393818
20250319,5341,268,182030751.777,12.12531333968837,268,121110671.983,8.067344842772007
20250320,5343,268,183138079.247,12.446307028272011,268,106838585.844,7.260892149509658
20250321,5344,268,176735992.32500002,11.237802660810884,268,163012856.00300002,10.365213575558512
20250324,5344,268,172384651.763,11.762227063206964,268,112355744.078,7.666307645056023
20250325,5347,268,118582555.456,9.261128124348833,268,206869934.215,16.15624624105528
20250326,5348,268,140601749.976,11.977202754033309,268,102491378.024,8.730759150176011
20250327,5350,268,128311637.457,10.587402099820965,268,136813840.50800002,11.288945967698329
20250328,5350,268,151239357.548,13.248659644771536,268,95600386.887,8.374651997396642
20250331,5352,268,158213861.54000002,12.799769208624229,268,93050042.371,7.527905934464467
20250401,5353,268,116017852.135,10.116180475367248,268,153490842.11699998,13.383639083103184
20250402,5355,268,117052171.343,11.861149286598636,268,108924547.025,11.03755956352809
20250403,5355,268,121899493.237,10.55148497816897,268,160098786.08,13.857973413079478
20250407,5353,268,292975271.111,18.15017062066984,268,47830454.708,2.9631542297831373
20250408,5353,268,125701454.999,7.6221490752028,268,126554493.388,7.673874695784365
20250409,5356,268,111122000.70700002,6.399607688380966,268,153329889.422,8.83039481795275
20250410,5356,268,135191293.923,8.173982218705003,268,182578285.13,11.039110676936662
20250411,5356,268,136439296.099,9.836156748063193,268,137667925.322,9.92473086100724
20250414,5355,268,107260647.806,8.196335872812778,268,128113782.911,9.78983081077792
20250415,5354,268,108978163.303,9.841358636741226,268,121965009.976,11.014146026394766
20250416,5358,268,155956541.709,13.706183001301063,268,97752314.935,8.590926052976249
20250417,5358,268,107662254.002,10.49245377485444,268,122764923.625,11.964316540176837
20250418,5357,268,114088827.386,12.06454575319031,268,104348421.67,11.034527537491316
20250421,5359,268,134323732.592,12.547582995262852,268,82536143.49000001,7.709948871770546
20250422,5356,268,125565774.508,11.233895555243448,268,112253362.486,10.042884335589902
20250423,5357,268,166633812.39999998,13.233368345140342,268,122186472.411,9.703544394259394
20250424,5359,268,125756216.18,11.076740033277607,268,93573604.536,8.24206168813498
20250425,5359,268,138406089.86600003,12.203706666180375,268,103261756.294,9.10491861208304
20250428,5356,268,121005463.27,11.257833073715409,268,72184208.455,6.715711401653199
20250429,5333,267,111161209.726,10.692421604532376,267,89339589.51699999,8.593434341405835
20250430,5338,267,119117401.237,9.998952130621705,267,110144313.21,9.24573323301232
20250506,5359,268,156124564.834,11.461748578003286,268,90382427.574,6.635346986070047
20250507,5361,269,149844560.596,9.980231442851023,269,143885254.98800004,9.583318475373533
20250508,5362,269,161540250.673,12.25827650804449,269,146301375.63,11.101893853131012
20250509,5362,269,119563391.057,9.815302388952244,269,143712093.042,11.79773873663385
20250512,5362,269,207992960.785,15.57027830000973,269,87576231.87400001,6.555925246690856
20250513,5364,269,142010316.818,10.742373853939558,269,114680718.00599998,8.675025690123094
20250514,5364,269,219994875.039,16.331029661563655,269,86737245.359,6.438825115671625
20250515,5363,269,122689021.937,10.329260251922348,269,159892958.21500003,13.461481327160255
20250516,5364,269,153950839.53899997,13.72505600566098,269,91604985.556,8.166785974787496
20250519,5361,269,133577939.867,11.96348377587841,269,120542023.841,10.795963375159214
20250520,5367,269,153998107.273,12.742103306376755,269,148269905.48400003,12.268140734708146
20250521,5363,269,173135126.66899997,14.28955434448714,269,127739546.24,10.54287031785467
20250522,5360,268,141733584.807,12.472961762579953,268,89111767.329,7.842090976560437
20250523,5362,269,163420317.661,13.852017581079044,269,113487924.134,9.619591632451566
20250526,5359,268,133179974.455,12.910819016879811,268,116679895.239,11.311257690984409
20250527,5359,268,128558245.974,12.585014549708468,268,112955225.368,11.05758050719964
20250528,5357,268,166781549.261,16.181993724807004,268,115289468.245,11.185970270352795
20250529,5360,268,171114220.405,14.14368132083805,268,113834723.338,9.409165680840118
20250530,5359,268,163244416.981,14.051594950228838,268,132045810.71199998,11.366111511278012
20250603,5355,268,147987947.975,12.762996928822483,268,116015841.344,10.005610909736848
20250604,5361,269,160508172.896,13.67972622067886,269,119470351.862,10.182171259399212
20250605,5363,269,218250395.067,16.629811518244917,269,108904095.766,8.298058684372618
20250606,5365,269,159072973.428,13.55147734254903,269,142869084.155,12.171062847162592
20250609,5361,269,176429566.69200003,13.4753769676092,269,118775851.474,9.071888591411964
20250610,5367,269,185672231.668,12.824911479151307,269,124619546.469,8.607828094050742
20250611,5370,269,173566224.556,13.516858300855416,269,139747293.91000003,10.883133366192512
20250612,5370,269,187226339.736,14.392819020451508,269,119738605.075,9.204773618048891
20250613,5369,269,200556055.421,13.360432313467092,269,126407221.629,8.42086330907588
20250616,5371,269,203192663.354,16.362940633072544,269,95707689.807,7.707262755408113
20250617,5376,269,181755776.958,14.713971510502311,269,151764950.05,12.286075241748833
20250618,5376,269,208930500.836,17.126740486537955,269,130827146.531,10.724344115699529
20250619,5375,269,162674204.837,12.721098517810372,269,138276349.727,10.81318989278551
20250620,5376,269,145060499.443,13.30799415959686,269,126344689.958,11.590987226111311
20250623,5371,269,194635826.837,16.994068621126843,269,106766497.655,9.32201032601226
20250624,5374,269,185460876.544,12.829014417427372,269,166086542.62200004,11.488820119605098
20250625,5374,269,305301710.166,18.6510488737356,269,122644846.713,7.49244093297816
20250626,5377,269,241886658.21,14.927416348587265,269,172590244.487,10.65096544070328
20250627,5374,269,228830695.107,14.541891709458838,269,210983987.966,13.407756787159643
20250630,5372,269,224398424.546,14.81423082533925,269,127082297.985,8.389660043172052
20250701,5373,269,174138073.44,11.656175869634977,269,193099613.645,12.925393123636509
20250702,5372,269,179140151.972,12.77168348427868,269,191606272.365,13.660447628908818
20250703,5372,269,219405094.047,16.48337273687567,269,135793718.028,10.20185278424862
20250704,5374,269,252634901.195,17.39861689176235,269,123007211.818,8.471336870804455
20250707,5374,269,173023088.506,14.126864445686666,269,136696026.286,11.160858647713816
20250708,5373,269,260719103.011,17.703623610452006,269,133882243.622,9.091013362019453
20250709,5376,269,218323230.853,14.312345658090615,269,147111191.935,9.64398621677186
20250710,5376,269,209844068.289,13.871179422412242,269,182542232.803,12.066464799428832
20250711,5380,269,280176175.1010001,16.16858374871712,269,156309918.117,9.020431522840106
20250714,5377,269,160595700.841,10.865066830008146,269,187035650.802,12.65385583123274
20250715,5378,269,287962034.078,17.639819773719935,269,118642863.194,7.267759206109043
20250716,5378,269,204439873.331,14.013143517933573,269,182927522.758,12.538599188220184
20250717,5379,269,266093561.164,17.085354646334014,269,115526708.686,7.417747278024198
20250718,5378,269,217512372.513,13.683308450479378,269,162600871.859,10.228925638841964
20250721,5379,269,211640665.334,12.279479007902706,269,176161410.391,10.220957950047165
20250722,5377,269,231078742.46100003,11.998985494989888,269,163981804.933,8.514912613242256
20250723,5381,270,207683401.458,10.958624012007345,270,192726269.287,10.169395856992576
20250724,5380,269,299860713.471,16.02851335274619,269,174782203.669,9.342667310107323
20250725,5382,270,214701555.829,11.848033865331466,270,211839278.603,11.690082716003865
20250728,5383,270,250591826.191,14.209738301840002,270,144381122.51,8.187090527961859
20250729,5387,270,321145745.138,17.579326958338115,270,93357193.882,5.110317231384824
20250730,5387,270,221277512.614,11.845994892592609,270,222102208.339,11.890144617663562
20250731,5383,270,300090420.3809999,15.322163155633463,270,185303236.57400003,9.461303098076304
20250801,5384,270,182591032.347,11.294504942709272,270,263199462.372,16.28068799693064
20250804,5381,270,200974046.629,13.259371880070404,270,159224077.57599998,10.504894996410547
20250805,5383,270,213863886.236,13.268932800031022,270,142909785.05400002,8.866669205926007
20250806,5385,270,267647280.069,15.274253792184094,270,144835975.581,8.265585395422091
20250807,5385,270,274345028.715,14.87872241003496,270,168543297.541,9.140712153343117
20250808,5387,270,224575889.703,12.973008907222278,270,187481210.955,10.830171586418269
20250811,5388,270,258000334.208,13.982470560261037,270,142485926.204,7.722103440349651
20250812,5390,270,325813696.321,17.152252158264513,270,167051365.616,8.794311530737788
20250813,5387,270,405839109.8,18.67885977555787,270,100320934.835,4.617299390537556
20250814,5389,270,376727928.246,16.351476330341473,270,198792171.599,8.628363455006848
20250815,5388,270,371854291.324,16.374974525317647,270,241280888.863,10.625044542339593
20250818,5386,270,405744155.842,14.454208575481417,270,173015942.88099998,6.163510895420974
20250819,5389,270,352468540.043,13.356390680013302,270,312479040.929,11.841034520284923
20250820,5387,270,294839443.049,12.05194554045307,270,265661430.595,10.859256348539803
20250821,5390,270,275191135.91400003,11.195945342261586,270,296523019.907,12.06381707235877
20250822,5391,270,517072602.903,20.06565014389632,270,128152895.985,4.973133678568809
20250825,5391,270,507613095.025,15.989115639506126,270,146438939.95499998,4.612625576477441
20250826,5392,270,301838250.258,11.147991934998307,270,320191240.45299995,11.82583507284475
20250827,5393,270,506601906.319,15.85788168356133,270,171409398.272,5.365534403528699
20250828,5394,270,638807232.5740001,21.30482823044937,270,143948943.669,4.800834058289119
20250829,5391,270,413690786.719,14.62660965955817,270,350971460.066,12.40908116118511
20250901,5391,270,416363671.619,14.99748085259248,270,257514124.706,9.275696747348285
20250902,5392,270,271926458.427,9.342338968872648,270,465349776.626,15.987614362639736
20250903,5394,270,413761089.877,17.280784020116595,270,214221659.243,8.946994573389626
20250904,5393,270,195753095.063,7.585430963186049,270,572057823.505,22.167236363497143
20250905,5394,270,442197171.02800006,18.83914592977549,270,169031986.73299998,7.201353770445591
20250908,5396,270,305451998.476,12.407249251092695,270,365228526.931,14.835330558815729
20250909,5397,270,250846360.19,11.66187209844702,270,236645947.55700004,11.001693510462792
20250910,5399,270,377395182.185,18.84152780112188,270,183066510.653,9.139631115460404
20250911,5397,270,560185871.939,22.74445954179094,270,138498896.176,5.623280947365192
20250912,5400,270,408164130.254,16.026982075401616,270,259120728.065,10.174640435646348
20250915,5398,270,335432627.36300004,14.570626478311574,270,200488065.964,8.70886277666489
20250916,5398,270,336915528.436,14.239394790281745,270,201294089.812,8.507491557569978
20250917,5397,270,394468023.36,16.422113638516226,270,213384464.901,8.88341696609504
20250918,5396,270,518765261.627,16.38845004501351,270,260512897.66,8.229931580215158
20250919,5398,270,275417332.259,11.730168336996092,270,317687266.791,13.530466973204966
20250922,5394,270,421655557.214,19.69350370998008,270,128422419.105,5.997993726916217
20250923,5400,270,430485214.054,17.101856243182375,270,140774889.865,5.592554286473272
20250924,5398,270,367860196.145,15.681831154069394,270,299247305.061,12.756872748002207
20250925,5402,271,427857144.28300005,17.898308001843,271,187657155.315,7.850156552150417
20250926,5402,271,224640767.454,10.375428067424837,271,340203189.961,15.712881351652324
20250929,5397,270,418452666.935,19.220698552777595,270,129706629.83,5.957787413615401
20250930,5400,270,397608336.818,18.10268930722753,270,209574364.232,9.541700339618943
20251009,5396,270,475103670.8,17.788920396364606,270,205558431.029,7.696557175025062
20251010,5399,270,240611608.564,9.498409830652484,270,539130872.9219999,21.28278853182797
20251013,5401,271,412633113.964,17.386369601517647,271,222251411.279,9.364602718948843
20251014,5402,271,272606912.56,10.50288154207199,271,483585293.42,18.63136559738009
20251015,5402,271,289540986.227,13.85776555859652,271,251631879.82,12.043392001437216
20251016,5406,271,299419136.554,15.375394930990764,271,159812100.328,8.206469985765153
20251017,5409,271,198238378.005,10.149055259931949,271,264416786.882,13.537139522254268
20251020,5408,271,225534855.17,12.883464982159198,271,194312242.636,11.099902814217982
20251021,5407,271,309849802.104,16.380147005163224,271,133379186.663,7.051063677090022
20251022,5407,271,197102807.168,11.667907793234594,271,193109609.592,11.431522214630313
20251023,5409,271,189098227.786,11.393793682238307,271,200188280.0,12.06200600940281
20251024,5410,271,457660523.117,22.99296388239155,271,131755856.468,6.619442787919495
20251027,5409,271,408136163.82,17.32651123377482,271,144430478.35500002,6.13147407055319
20251028,5410,271,265890179.37300003,12.285681549754594,271,284093727.124,13.12679193326674
20251029,5410,271,359498896.884,15.70251127367848,271,137943480.924,6.025217554529764
20251030,5409,271,322064986.535,13.075371323157253,271,285143114.191,11.576396858289288
20251031,5410,271,226171426.688,9.630626374907996,271,493698731.332,21.0222312024565
20251103,5412,271,268378932.372,12.59212704922982,271,220681656.68,10.354208632506632
20251104,5412,271,231002942.501,11.928625978142968,271,209808472.296,10.834177114664763
20251105,5412,271,280603536.411,14.822094398982305,271,198936746.722,10.508275401850302
20251106,5412,271,376164242.541,18.12952165872089,271,174990482.51599997,8.43379934630032
20251107,5414,271,354741342.767,17.569729664103694,271,205297621.289,10.168038714056577
20251110,5417,271,270019166.505,12.310236543481464,271,292318501.00100005,13.326868384698903
20251111,5418,271,226286038.85800004,11.243174641340946,271,338304297.306,16.808877453170442
20251112,5420,271,265032367.851,13.495991050860637,271,242083923.158,12.327409240573918
20251113,5419,271,399640545.235,19.358612402316503,271,141525585.357,6.855507992378699
20251114,5417,271,204325369.7,10.322908336189643,271,345402867.119,17.45041323826627
20251117,5416,271,313609302.688,16.255615624020404,271,164884739.48899996,8.54663086976878
20251118,5419,271,269550100.421,13.861649954167335,271,271272345.181,13.950216621221928
20251119,5421,272,300576181.245,17.262469919484616,272,140207677.54000002,8.052304098049055
20251120,5420,271,234242282.993,13.611283045174238,271,207133274.247,12.036040580828312
20251121,5423,272,243746332.365,12.30238848429565,272,290046324.98599994,14.639246194181558
20251124,5419,271,248206896.96,14.275168107003893,271,259868951.804,14.945889974164686
20251125,5417,271,283892159.53900003,15.557926052643335,271,134370584.221,7.36380890671837
20251126,5415,271,354327761.285,19.726849687553155,271,176177796.453,9.808525576174755
20251127,5415,271,209914429.081,12.187402844981015,271,231549004.694,13.44348271300234
20251128,5414,271,227861133.461,14.271593663095691,271,177352776.2,11.108110973131646
20251201,5414,271,283263672.642,14.999117573862902,271,183703329.842,9.727289833217144
20251202,5417,271,240919766.681,14.996189729192588,271,173875871.929,10.823003860154875
20251203,5423,272,244123807.988,14.507184811869791,272,240759335.607,14.307249283140052
20251204,5421,272,280690984.00100005,17.986013995425193,272,134261673.81800002,8.603170326023571
20251205,5419,271,326672499.123,18.795248914631227,271,162927522.311,9.374108151437513
20251208,5421,272,431308119.256,21.03267799197492,272,112031491.23,5.463199450235188
20251209,5421,272,366863770.44000006,19.14123751767428,272,194433182.95600003,10.144615075548566
20251210,5418,271,282176016.65000004,15.75653743661839,271,200756569.881,11.21012496572526
20251211,5421,272,213834762.724,11.347175107887136,272,199901658.299,10.607812743728342
20251212,5423,272,328511436.82299995,15.50928760528603,272,177342813.375,8.372496020116866
20251215,5422,272,255938288.009,14.268191561258492,272,252663251.601,14.085612990451624
20251216,5424,272,252152783.337,14.429563216622416,272,200664587.337,11.483126658359655
20251217,5425,272,407690391.031,22.233217033546623,272,208168693.046,11.352388562254689
20251218,5428,272,233358842.45600003,13.922950736276912,272,256346264.32,15.294455406072457
20251219,5427,272,206278313.208,11.800491781882013,272,236526050.978,13.530863605387712
20251222,5423,272,363589606.5009999,19.326460619685417,272,170957507.879,9.087178193730812
20251223,5428,272,327952843.714,17.075362060106993,272,227702688.739,11.855685738980812
20251224,5430,272,348828709.434,18.39541679861879,272,159143746.57500002,8.392415732899376
20251225,5433,272,315132914.798,16.21821175908465,272,224087944.769,11.532612336770011
20251226,5432,272,472701298.655,21.680603084102174,272,180045332.56,8.257839365970291
20251229,5434,272,325145975.663,15.073809153832912,272,240162723.918,11.133974698049917
20251230,5436,272,348633570.295,16.13696315460968,272,244077238.982,11.297435898093957
20251231,5437,272,404291372.546,19.577136466448444,272,264757358.857,12.820434213570095
20260105,5437,272,376312138.749,14.661392509132416,272,226787058.73,8.835787479738936
20260106,5439,272,454188486.784,16.041336908939723,272,265502576.89500004,9.377200017379227
20260107,5440,272,390051569.828,13.539667210927115,272,260666741.042,9.0483956473292
20260108,5439,272,406298057.949,14.37969308660931,272,378619003.046,13.400076505516743
20260109,5439,272,470708007.761,14.935572181362506,272,308310176.72,9.78268655456623
20260112,5440,272,522899565.7260001,14.350555279519034,272,218143996.336,5.986785385772044
20260113,5433,272,433652314.676,11.726641624956336,272,472379201.902,12.773877653406236
20260114,5434,272,528805091.345,13.266094250002356,272,413814427.425,10.381331961588948
20260115,5437,272,446890760.444,15.211401840646383,272,397251974.602,13.521781948809153
20260116,5440,272,376468241.193,12.321666845875033,272,340566262.177,11.14660829872932
20260119,5442,273,309306545.775,11.332126344729373,273,335221588.69200003,12.28158100249842
20260120,5447,273,305089687.604,10.887201049614312,273,409681294.323,14.619578434752173
20260121,5446,273,348922755.18500006,13.301642764091593,273,252574853.954,9.628665452636964
20260122,5448,273,422843847.689,15.57026442279173,273,270797175.693,9.971491020927264
20260123,5449,273,498954721.655,16.006226685826817,273,363030690.206,11.645849350970211
20260126,5446,273,473886802.756,14.44817577600745,273,347215181.7110001,10.586127210725282
20260127,5446,273,424548096.667,14.535470614714988,273,193222012.32200003,6.615440993074268
20260128,5447,273,487011444.201,16.27979389053112,273,217950830.453,7.285649321580453
20260129,5448,273,573280072.631,17.593353716463614,273,297832507.171,9.14016184597665
20260130,5447,273,397770004.941,13.899468140874776,273,385966161.222,13.487000766075008
20260202,5449,273,312013798.831,11.97276965083328,273,360975605.016,13.851559721458536
20260203,5450,273,452926824.428,17.65705186213622,273,244730457.356,9.540654570937509
20260204,5452,273,283553014.638,11.331281259709154,273,428110316.93,17.108047387576423
20260205,5452,273,220831911.291,10.067001477250724,273,406858828.573,18.54735760032258
20260206,5452,273,301221041.34299994,13.924979240873403,273,296667759.32299995,13.714488110095644
20260209,5451,273,377346078.5980001,16.623862785499078,273,162523012.144,7.159900172822879
20260210,5456,273,317577557.23100007,14.949015841729285,273,253616493.317,11.93823962050923
20260211,5455,273,296506018.56000006,14.825425790515778,273,306548625.435,15.327560363337298
20260212,5460,273,449125793.644,20.79376692736797,273,166883365.576,7.726418426532616
20260213,5458,273,271360426.235,13.580849448369184,273,362561205.95,18.145199807292467
20260224,5459,273,328617240.114,14.817349389420114,273,250596619.959,11.2994000937142
20260225,5456,273,416562871.375,16.79531661154821,273,283641721.06,11.436094853395144
20260226,5456,273,425530418.51900005,16.647027752385636,273,204402151.256,7.996345587816133
20260227,5456,273,400652348.009,15.99538248976436,273,292246341.205,11.667451924437868
20260302,5455,273,546506369.2820001,17.94547659452205,273,143242197.47,4.703603922170163
20260303,5457,273,363393458.112,11.51007095611167,273,390904935.955,12.381465459814676
20260304,5459,273,371012244.412,15.539294353878546,273,233983355.409,9.800043767749653
20260305,5461,274,342247795.81700003,14.188406562385095,274,300174425.215,12.444190544496497
20260306,5462,274,276260270.981,12.450970254635155,274,299476920.321,13.497337903946974
20260309,5466,274,423714063.72,15.86851018234654,274,260318636.28,9.74919004150289
20260310,5464,274,343258179.51,14.205248356514794,274,263324631.71100003,10.89731291234554
20260311,5467,274,457910628.553,18.114345353072693,274,273724250.977,10.828173238469896
20260312,5467,274,365122770.844,14.841107992205387,274,243971292.992,9.916676239946852
20260313,5466,274,295684297.772,12.234410510568166,274,366141418.424,15.149686512521718
20260316,5465,274,317940492.443,13.58965037376464,274,308646638.489,13.192405515491878
20260317,5463,274,243034304.864,10.926315868583716,274,292927227.419,13.169397690912357
20260318,5464,274,400727895.21,19.44503828787206,274,190811447.6,9.258990823191644
20260319,5464,274,366388914.021,17.226205818848847,274,264456720.828,12.433743841113788
20260320,5466,274,469004707.335,20.371163484841663,274,218844523.518,9.505485758724202
20260323,5468,274,358760602.40700006,14.657508355426074,274,114830512.863,4.691510691126108
20260324,5466,274,183245577.541,8.743935234613835,274,310263463.07600003,14.804851845314232
20260325,5467,274,301888559.549,13.770658683288277,274,212907588.853,9.71178815638642
20260326,5466,274,260822909.887,13.33038465397878,274,244029567.309,12.47209457398632
20260327,5462,274,249815291.86300004,13.40691039713783,274,245971621.798,13.200631030597384
20260330,5460,273,268960221.834,13.956661176514812,273,229281812.001,11.897701980668142
20260331,5465,274,258386715.225,12.88394232863692,274,268138548.55,13.370198203086083
20260401,5468,274,279374993.81200004,13.800351759125215,274,258967309.369,12.792268608733645
20260402,5468,274,252722018.513,13.605812641976032,274,235537427.718,12.680644648852518
20260403,5469,274,345249572.724,20.69123969605512,274,127493828.86200002,7.640864989166405
20260407,5468,274,207321931.167,12.771541055978746,274,172457867.766,10.623828970731724
20260408,5474,274,342461965.803,13.976493651360588,274,206544288.709,8.429446852871036
20260409,5475,274,369185074.678,17.19530712484925,274,145761027.243,6.789022098098004
20260410,5479,274,431802298.049,18.47544520623511,274,288269745.437,12.334144376953418
20260413,5479,274,338258777.692,15.640674348100235,274,173102012.007,8.00402643584216
20260414,5482,275,381281290.726,15.91001546557733,275,206875178.628,8.632438494814163
20260415,5480,274,259168791.085,10.669395289158976,274,381500240.14,15.705505465848182
20260416,5484,275,359847291.02800006,15.284664485272636,275,182941118.571,7.770500675245154
20260417,5484,275,377651513.527,15.399437258122829,275,189676079.538,7.734392109098002
20260420,5480,274,419540051.006,16.09834843620519,274,247589017.362,9.500342722735976
20260421,5485,275,357821308.05999994,14.747496608607443,275,263809486.412,10.8728279131076
20260422,5484,275,508820867.4,19.733357830787863,275,186299693.079,7.22517243854268
20260423,5481,275,403905659.278,14.30719048090127,275,357874922.268,12.676684675274366
20260424,5483,275,356794513.553,13.42702173831448,275,353742272.66,13.312158691759269
20260427,5482,275,356722606.696,13.696252062021696,275,194831401.686,7.480490266103387
20260428,5477,274,274738703.483,10.773009844332371,274,208998234.263,8.195205140810097
20260429,5452,273,403534575.127,15.46876960682274,273,184526929.668,7.073506800229795
20260430,5458,273,397469311.581,14.40521975461017,273,222646226.234,8.069221253027017
20260506,5490,275,580303123.48,17.874200082695605,275,129058775.06,3.975202397699225
20260507,5493,275,466951250.085,14.738367965047075,275,280224084.43,8.844704170394577
20260508,5491,275,326476936.621,10.614652196095516,275,493037459.444,16.02998731184486
20260511,5491,275,544885515.566,15.28236499577655,275,212360811.45,5.956068455971067
20260512,5490,275,476920454.455,14.585899871529987,275,271845736.48600006,8.313995878868836
20260513,5493,275,556028051.499,17.0340650865823,275,169023193.128,5.178069820618574
20260514,5493,275,327296751.185,9.660224629086512,275,468624592.859,13.831542223813017
20260515,5495,275,404524862.3,12.00287774896484,275,525646079.154,15.596731413331868
20260518,5499,275,420975785.349,14.431441696064883,275,171145872.274,5.867039775688764
20260519,5493,275,395610231.89400005,13.5997385397726,275,331720532.285,11.403427271716666
20260520,5497,275,487168066.533,16.367428273889516,275,216471617.57200003,7.27281592809932
20260521,5500,275,379108041.122,10.80920042088854,275,413338843.523,11.785195555745544
20260522,5503,276,549453086.02,18.78695551902,276,146719294.502,5.016640964849794
20260525,5503,276,627490242.2709999,19.44532191610613,276,191428094.453,5.93217339436768
20260526,5503,276,576556190.885,17.662178271049076,276,321969726.084,9.863195972707397
20260527,5505,276,474369062.052,14.551642609496948,276,304454612.09300005,9.339383742324909
20260528,5505,276,503235003.439,16.845676289656392,276,238215475.218,7.974208382337854
20260529,5505,276,347698436.392,10.407467399508382,276,368161081.199,11.01996457075385
20260601,5503,276,212175092.192,7.325316466443748,276,676394610.701,23.3524327874366
20260602,5502,276,627394969.813,22.305382426923927,276,156806635.551,5.574848606272436
20260603,5506,276,634291483.183,20.116724995081,276,177839038.486,5.640212939104417
20260604,5506,276,526637612.61600006,18.95007149955053,276,183420021.45400003,6.600027111122431
20260605,5509,276,281274833.019,9.07152169448045,276,770100114.5910001,24.836846657952645
20260608,5507,276,296825601.257,10.513292330218938,276,295517344.28000003,10.466955060172136
20260609,5508,276,511862792.4938,19.1948773937943,276,123841160.7567,4.644049014480418
20260610,5505,276,283889350.60747004,10.736785750695375,276,384864730.66597,14.555706817876205
20260611,5504,276,416368389.77461,16.170285780346372,276,154489086.6538,5.999813488456553
20260612,5505,276,304773490.50206,9.41796519488205,276,454474373.28742,14.043950550081794
20260615,5501,276,473113705.80242,15.508302126185402,276,136116039.08304,4.461778706535724
20260616,5506,276,445612174.5217101,14.43835324994719,276,174720509.42618996,5.66114792041696
20260617,5502,276,628249929.7633799,20.17496307166701,276,109517919.36336,3.516944251269194
20260618,5499,275,593553751.11509,17.815534595442493,275,187007480.49985,5.613035436458072
20260622,5502,276,643006613.47778,17.091917766057943,276,187324154.57383,4.979309665658469
20260623,5507,276,246399725.63784,7.109057499574137,276,663226778.72774,19.13523764293007
20260624,5506,276,772674349.5506799,23.36536100277032,276,74355264.1146,2.248473227439537
20260625,5505,276,885006788.93716,24.454925041618004,276,128833765.24571005,3.5599953709925263
20260626,5506,276,534412658.01687,14.94705425281364,276,489949489.09937,13.703458338510076
20260629,5503,276,532107946.00197,15.034172530649755,276,366017692.47989,10.34146018558535
20260630,5504,276,378005491.62022007,11.47625103011124,276,173374479.14813,5.263651161231688
20260701,5507,276,251870152.6739,6.839122624272931,276,842783348.52344,22.884405337657302
20260702,5513,276,205581840.28362,5.917880455976146,276,945711814.47776,27.223267659062746
20260703,5512,276,300758509.57429004,9.38330382732891,276,477515110.6756,14.897897226422383
20260706,5513,276,326471643.23119,10.489303637585389,276,433654001.8869,13.932997225809748
20260707,5513,276,414955959.08744,15.969323301477672,276,205647763.37842,7.914226914195849
20260708,5514,276,303404496.40339,11.748095857068796,276,307105566.46352,11.891404629204873
20260709,5515,276,777401985.29204,26.51226022900397,276,163195705.49870002,5.565572373489707
20260710,5517,276,244620307.87549,7.172189194656707,276,823868320.9034,24.155555686778623
20260713,5520,276,226952807.665,8.006254423618365,276,298407566.53994,10.526976617879624
20260714,5522,277,518961171.26638,19.08315301300563,277,262969450.78913,9.669868469946016
20260715,5523,277,182589400.35931,7.056892209809318,277,470873334.75704,18.1987692676294
20260716,5522,277,199259808.15885,8.237577834818689,277,430636350.45187,17.802890046554438
20260717,5521,277,205544987.35151,7.693657427690129,277,360985244.002,13.511868324246526
20260720,5523,277,367855905.95688,13.533689855652868,277,240005546.22673,8.82998090738788
20260721,5524,277,606609296.7564,20.395702143060785,277,83075855.41882,2.793215355356913
20260722,5525,277,401720416.7804,15.053534276287674,277,448639441.1938301,16.811715122255592
20260723,5525,277,137872319.26525,6.240129276683789,277,481284673.20773005,21.783042424381023
20260724,5525,277,300199875.28136003,15.43889254487318,277,185201869.7472,9.524693384555048
20260727,5522,277,349330436.31503,16.72490704876031,277,275320019.44708,13.181507407395571
20260728,5523,277,99234113.39497,4.866514800449795,277,591164319.74096,28.99113836052112
20260729,5523,277,206548331.28363,8.934847027711237,277,426417040.06641,18.445905611171337
20260730,5528,277,221329750.23249,9.384656169536909,277,419250784.04248,17.776753703081166
20260731,5528,277,231495942.0351,9.04317004267782,277,268674017.60754,10.495496404451044
20260803,5529,277,113418456.13483,5.639739070115963,277,463501054.08985,23.047615819095167
20260804,5529,277,412399060.58417,18.506172180445933,277,139672735.74877,6.267734201477671
20260805,5532,277,463172528.75460994,17.28329202335045,277,222742448.07083,8.31163883219793
20260806,5533,277,326412792.71251005,12.813007383539285,277,247821315.58466,9.72797763224116
20260807,5535,277,466190303.34705,17.37310885069764,277,139652830.50835997,5.204320656844737
20260810,5538,277,218156641.21583,8.593204246467359,277,412181036.68218,16.23583776771868
20260811,5539,277,289458297.50310993,12.393350295424836,277,359333701.17841,15.38511236357873
20260812,5539,277,309455410.73073995,14.279278831449114,277,169201445.94874,7.807504866956984
20260813,5540,277,332593392.13497,12.95156960189628,277,280352389.46028,10.917244813087713
20260814,5540,277,322068943.52091,14.934275776913056,277,172340691.51264,7.99140515225295
20260817,5539,277,352525560.9046,14.673209043817174,277,125548049.75028,5.225699873513422
20260818,5540,277,253158278.18355,10.462043115596805,277,298198615.92337,12.323384402779162
20260819,5541,278,218665297.07473,8.642861012430956,278,362481751.55493,14.327282107142544
20260820,5541,278,226768989.05114,10.82993514730662,278,289027669.35614,13.803258232095736
20260821,5543,278,309513015.79658,16.35682709576858,278,149082046.55123997,7.878535421995328
20260824,5545,278,197002508.07547,9.746735356069069,278,327330614.95047,16.194742437692007
20260825,5546,278,168751096.29377002,9.149980627068109,278,299282338.03772,16.227613658293517
20260826,5547,278,247217272.15227,13.569834049321122,278,129279973.33543,7.096218515759302
20260827,5547,278,393521079.93645,18.38059070274845,278,82884969.65302,3.871392868834151
20260828,5547,278,187199054.67214,8.839599389808363,278,214173480.84879,10.113340443624873
20260831,5545,278,252891590.04855,11.787859903104057,278,179105488.78972,8.348519653519809
20260901,5546,278,137519306.7618,6.701896623948526,278,345479610.08028,16.836680513890165
20260902,5547,278,128488165.88625,7.058635148541577,278,225532137.43255,12.389849768860833
