date,code,close,open,high,low,volume
2021-03-09,sh000001,3359.292,3415.339,3429.15,3328.312,40765253900.0
2021-03-10,sh000001,3357.737,3389.839,3397.025,3354.823,29974916600.0
2021-03-11,sh000001,3436.831,3369.902,3436.831,3369.902,32211204400.0
2021-03-12,sh000001,3453.078,3447.203,3454.506,3417.239,35802703500.0
2021-03-15,sh000001,3419.946,3441.882,3457.489,3392.509,36781329300.0
2021-03-16,sh000001,3446.733,3424.652,3448.883,3406.175,31666874700.0
2021-03-17,sh000001,3445.551,3435.732,3454.056,3410.282,28005981800.0
2021-03-18,sh000001,3463.068,3449.641,3478.145,3449.377,28440389100.0
2021-03-19,sh000001,3404.663,3423.873,3439.524,3389.293,30916171600.0
2021-03-22,sh000001,3443.439,3406.123,3443.66,3404.234,31255908400.0
2021-03-23,sh000001,3411.509,3445.341,3445.416,3390.048,32638940900.0
2021-03-24,sh000001,3367.061,3394.128,3415.295,3362.185,31739869700.0
2021-03-25,sh000001,3363.592,3355.071,3382.226,3344.97,27067609700.0
2021-03-26,sh000001,3418.327,3373.317,3423.223,3373.317,27461498700.0
2021-03-29,sh000001,3435.296,3429.632,3449.834,3409.887,28482424300.0
2021-03-30,sh000001,3456.677,3432.529,3457.635,3423.315,28542308100.0
2021-03-31,sh000001,3441.912,3452.208,3452.208,3420.832,28304926100.0
2021-04-01,sh000001,3466.332,3444.81,3470.031,3438.826,27524429500.0
2021-04-02,sh000001,3484.392,3472.628,3487.586,3462.832,26265487300.0
2021-04-06,sh000001,3482.967,3491.634,3493.281,3471.761,23474667100.0
2021-04-07,sh000001,3479.626,3483.421,3483.421,3453.195,29578697800.0
2021-04-08,sh000001,3482.555,3467.487,3495.909,3459.325,33175532900.0
2021-04-09,sh000001,3450.677,3475.443,3475.447,3442.139,28008519600.0
2021-04-12,sh000001,3412.948,3445.97,3456.158,3403.901,30957723900.0
2021-04-13,sh000001,3396.47,3411.293,3425.395,3387.902,27062605400.0
2021-04-14,sh000001,3416.721,3397.021,3420.028,3392.975,23324232700.0
2021-04-15,sh000001,3398.988,3409.614,3409.614,3373.094,23400505400.0
2021-04-16,sh000001,3426.618,3407.188,3432.629,3394.134,25857967200.0
2021-04-19,sh000001,3477.549,3427.548,3479.01,3414.356,30273581900.0
2021-04-20,sh000001,3472.943,3467.148,3494.298,3463.464,28530008200.0
2021-04-21,sh000001,3472.93,3456.299,3481.251,3450.111,25377785900.0
2021-04-22,sh000001,3465.114,3482.833,3485.359,3456.316,25111451000.0
2021-04-23,sh000001,3474.166,3462.086,3482.359,3456.333,24936043300.0
2021-04-26,sh000001,3441.166,3484.107,3497.121,3438.572,27697077100.0
2021-04-27,sh000001,3442.611,3440.091,3443.854,3417.265,25303239300.0
2021-04-28,sh000001,3457.068,3432.161,3457.068,3423.325,24738112000.0
2021-04-29,sh000001,3474.901,3458.082,3478.228,3447.588,27663138700.0
2021-04-30,sh000001,3446.856,3468.302,3469.087,3426.902,31266035400.0
2021-05-06,sh000001,3441.283,3446.074,3471.24,3426.849,31042419200.0
2021-05-07,sh000001,3418.874,3446.407,3457.892,3416.776,35378538900.0
2021-05-10,sh000001,3427.991,3423.59,3429.736,3401.935,37417088400.0
2021-05-11,sh000001,3441.845,3406.598,3448.096,3384.697,35093411200.0
2021-05-12,sh000001,3462.751,3429.754,3466.371,3428.394,31144454700.0
2021-05-13,sh000001,3429.536,3432.138,3448.017,3418.385,31932532700.0
2021-05-14,sh000001,3490.376,3436.092,3490.644,3422.565,33698230900.0
2021-05-17,sh000001,3517.616,3490.409,3530.506,3490.144,32213596900.0
2021-05-18,sh000001,3529.014,3520.649,3529.014,3510.862,27130855800.0
2021-05-19,sh000001,3510.965,3521.11,3521.11,3503.815,27832111700.0
2021-05-20,sh000001,3506.944,3500.877,3517.74,3486.066,32600933300.0
2021-05-21,sh000001,3486.557,3510.835,3518.377,3479.674,28382628500.0
2021-05-24,sh000001,3497.282,3486.271,3498.304,3469.875,28950924200.0
2021-05-25,sh000001,3581.342,3502.539,3584.577,3502.443,34124112700.0
2021-05-26,sh000001,3593.357,3586.839,3603.488,3585.37,34198028800.0
2021-05-27,sh000001,3608.851,3585.734,3626.358,3579.26,30955148600.0
2021-05-28,sh000001,3600.784,3610.767,3622.18,3582.358,34920883000.0
2021-05-31,sh000001,3615.477,3600.07,3615.657,3580.652,33152377000.0
2021-06-01,sh000001,3624.714,3608.598,3626.074,3581.912,35281141300.0
2021-06-02,sh000001,3597.138,3626.328,3629.29,3584.596,34855842000.0
2021-06-03,sh000001,3584.212,3595.422,3618.507,3584.205,35423303100.0
2021-06-04,sh000001,3591.845,3565.472,3618.8,3561.891,33089303800.0
2021-06-07,sh000001,3599.541,3597.141,3600.376,3581.899,30371867700.0
2021-06-08,sh000001,3580.106,3598.753,3621.523,3563.25,30449147000.0
2021-06-09,sh000001,3591.397,3576.802,3598.708,3572.636,29832329600.0
2021-06-10,sh000001,3610.859,3587.528,3624.343,3584.133,31817480800.0
2021-06-11,sh000001,3589.748,3614.113,3614.404,3587.149,36055497000.0
2021-06-15,sh000001,3556.559,3587.466,3592.947,3547.187,34916856600.0
2021-06-16,sh000001,3518.329,3556.714,3561.092,3513.559,31259730600.0
2021-06-17,sh000001,3525.604,3508.317,3534.198,3507.354,27722991800.0
2021-06-18,sh000001,3525.097,3520.497,3535.622,3503.183,29670858500.0
2021-06-21,sh000001,3529.183,3515.501,3540.296,3504.008,28089827700.0
2021-06-22,sh000001,3557.412,3539.788,3560.195,3536.812,30753639900.0
2021-06-23,sh000001,3566.22,3559.399,3577.466,3549.848,31070951800.0
2021-06-24,sh000001,3566.654,3568.576,3570.487,3548.816,33544075400.0
2021-06-25,sh000001,3607.562,3567.377,3614.298,3564.52,34608783200.0
2021-06-28,sh000001,3606.372,3612.247,3614.357,3594.217,32127497400.0
2021-06-29,sh000001,3573.178,3601.677,3601.827,3570.525,30607117800.0
2021-06-30,sh000001,3591.197,3572.624,3594.119,3569.501,26816281800.0
2021-07-01,sh000001,3588.782,3600.546,3607.705,3573.937,29188319200.0
2021-07-02,sh000001,3518.76,3569.892,3569.892,3514.339,29194554800.0
2021-07-05,sh000001,3534.322,3516.923,3534.322,3510.578,28809483700.0
2021-07-06,sh000001,3530.259,3533.13,3538.347,3496.928,31407021100.0
2021-07-07,sh000001,3553.716,3508.59,3557.879,3504.472,31883918900.0
2021-07-08,sh000001,3525.504,3557.218,3558.677,3521.058,35087785700.0
2021-07-09,sh000001,3524.088,3512.233,3529.31,3485.054,34988431700.0
2021-07-12,sh000001,3547.836,3545.198,3565.032,3527.393,40363955800.0
2021-07-13,sh000001,3566.523,3547.59,3567.481,3542.815,36241671100.0
2021-07-14,sh000001,3528.501,3560.828,3560.828,3525.494,37222172200.0
2021-07-15,sh000001,3564.59,3519.063,3565.935,3514.258,36325916400.0
2021-07-16,sh000001,3539.304,3559.526,3565.999,3537.729,36601477900.0
2021-07-19,sh000001,3539.123,3530.493,3544.879,3506.342,33676094600.0
2021-07-20,sh000001,3536.791,3515.072,3538.636,3509.192,29378059400.0
2021-07-21,sh000001,3562.661,3543.053,3569.09,3543.053,33897874800.0
2021-07-22,sh000001,3574.734,3563.661,3576.473,3558.293,38106705400.0
2021-07-23,sh000001,3550.396,3571.715,3571.854,3541.51,44642124600.0
2021-07-26,sh000001,3467.441,3538.014,3538.014,3424.742,44288220300.0
2021-07-27,sh000001,3381.183,3467.447,3483.874,3380.276,46907544300.0
2021-07-28,sh000001,3361.59,3355.819,3385.536,3312.721,39582541900.0
2021-07-29,sh000001,3411.724,3403.838,3416.607,3382.571,34456942800.0
2021-07-30,sh000001,3397.357,3398.196,3404.881,3370.451,38144095600.0
2021-08-02,sh000001,3464.285,3385.69,3464.291,3367.643,43292787100.0
2021-08-03,sh000001,3447.991,3446.784,3470.657,3435.462,40069808100.0
2021-08-04,sh000001,3477.219,3442.937,3477.597,3440.784,34874421800.0
2021-08-05,sh000001,3466.549,3461.719,3486.157,3449.389,34843692200.0
2021-08-06,sh000001,3458.228,3465.484,3466.39,3436.932,33682440000.0
2021-08-09,sh000001,3494.635,3441.75,3502.841,3438.703,34991009400.0
2021-08-10,sh000001,3529.931,3488.664,3529.931,3477.064,34511299200.0
2021-08-11,sh000001,3532.621,3527.109,3544.094,3524.044,38378355400.0
2021-08-12,sh000001,3524.737,3522.724,3538.396,3513.446,38107459300.0
2021-08-13,sh000001,3516.299,3514.467,3540.08,3500.8,37818728200.0
2021-08-16,sh000001,3517.345,3514.345,3537.85,3510.898,39109972100.0
2021-08-17,sh000001,3446.976,3512.109,3531.725,3438.123,42288580400.0
2021-08-18,sh000001,3485.286,3442.347,3487.436,3437.691,38920375600.0
2021-08-19,sh000001,3465.555,3475.298,3480.46,3446.015,38238303100.0
2021-08-20,sh000001,3427.334,3442.506,3453.153,3394.972,39113691800.0
2021-08-23,sh000001,3477.132,3436.796,3481.254,3436.671,38472744000.0
2021-08-24,sh000001,3514.471,3482.266,3522.697,3481.141,43023646300.0
2021-08-25,sh000001,3540.384,3517.915,3540.395,3510.066,45004701900.0
2021-08-26,sh000001,3501.664,3537.314,3537.316,3499.453,50290314700.0
2021-08-27,sh000001,3522.157,3494.418,3530.193,3493.375,45534590600.0
2021-08-30,sh000001,3528.151,3535.073,3539.494,3512.993,51278571600.0
2021-08-31,sh000001,3543.94,3519.025,3543.94,3496.389,52420505600.0
2021-09-01,sh000001,3567.101,3543.866,3582.324,3514.674,66727630500.0
2021-09-02,sh000001,3597.043,3559.903,3597.366,3557.677,57268403900.0
2021-09-03,sh000001,3581.734,3602.742,3613.948,3569.399,61453235300.0
2021-09-06,sh000001,3621.859,3580.141,3626.287,3580.141,52171327600.0
2021-09-07,sh000001,3676.587,3621.71,3681.925,3615.144,54772187500.0
2021-09-08,sh000001,3675.187,3673.402,3695.32,3661.0,58643619300.0
2021-09-09,sh000001,3693.13,3666.825,3693.45,3662.163,60481033000.0
2021-09-10,sh000001,3703.11,3691.186,3722.873,3681.642,63520043300.0
2021-09-13,sh000001,3715.372,3699.253,3716.832,3692.816,55748401900.0
2021-09-14,sh000001,3662.602,3709.634,3723.845,3655.634,56495238600.0
2021-09-15,sh000001,3656.223,3651.158,3677.527,3638.323,47497000100.0
2021-09-16,sh000001,3607.092,3664.841,3677.92,3606.728,54674147400.0
2021-09-17,sh000001,3613.966,3595.272,3620.958,3569.271,51685021000.0
2021-09-22,sh000001,3628.49,3563.207,3629.454,3560.503,47229605300.0
2021-09-23,sh000001,3642.22,3651.266,3670.954,3632.282,53499548600.0
2021-09-24,sh000001,3613.067,3637.868,3651.429,3607.792,50730477200.0
2021-09-27,sh000001,3582.831,3625.96,3640.808,3559.915,51080279500.0
2021-09-28,sh000001,3602.218,3577.886,3610.917,3568.819,44416880700.0
2021-09-29,sh000001,3536.294,3573.518,3573.518,3518.048,45251115100.0
2021-09-30,sh000001,3568.167,3541.928,3572.426,3541.928,39562962600.0
2021-10-08,sh000001,3592.167,3609.087,3612.554,3571.734,40716114800.0
2021-10-11,sh000001,3591.709,3600.357,3614.699,3586.749,39436115900.0
2021-10-12,sh000001,3546.936,3581.297,3583.639,3515.141,40539374800.0
2021-10-13,sh000001,3561.762,3543.492,3569.133,3515.648,32505066700.0
2021-10-14,sh000001,3558.28,3555.109,3569.686,3547.182,29496919600.0
2021-10-15,sh000001,3572.366,3551.987,3578.766,3542.693,32029298400.0
2021-10-18,sh000001,3568.138,3571.048,3571.048,3539.478,34095061600.0
2021-10-19,sh000001,3593.153,3562.296,3596.788,3560.622,33419765200.0
2021-10-20,sh000001,3587.001,3583.236,3596.05,3574.296,34424500800.0
2021-10-21,sh000001,3594.783,3590.05,3610.96,3576.355,35231086700.0
2021-10-22,sh000001,3582.604,3594.746,3607.578,3578.76,35315720300.0
2021-10-25,sh000001,3609.863,3574.263,3611.091,3564.206,32119681600.0
2021-10-26,sh000001,3597.638,3612.833,3625.016,3589.706,33727829100.0
2021-10-27,sh000001,3562.305,3589.857,3589.857,3553.128,35062094000.0
2021-10-28,sh000001,3518.417,3548.702,3552.042,3509.487,37817166600.0
2021-10-29,sh000001,3547.336,3519.328,3547.336,3502.801,35880937700.0
2021-11-01,sh000001,3544.48,3530.396,3556.59,3519.29,38225132500.0
2021-11-02,sh000001,3505.628,3543.383,3559.048,3477.664,41756317300.0
2021-11-03,sh000001,3498.537,3501.105,3512.609,3480.488,30660766900.0
2021-11-04,sh000001,3526.866,3505.894,3527.952,3503.006,31944082900.0
2021-11-05,sh000001,3491.568,3520.207,3525.872,3491.457,35453356500.0
2021-11-08,sh000001,3498.631,3491.971,3507.274,3484.24,29818372200.0
2021-11-09,sh000001,3507.002,3507.108,3514.951,3489.043,28731598900.0
2021-11-10,sh000001,3492.462,3498.945,3498.945,3448.438,30703070800.0
2021-11-11,sh000001,3532.786,3486.451,3534.199,3482.829,32208795700.0
2021-11-12,sh000001,3539.1,3534.151,3543.648,3527.39,30868335400.0
2021-11-15,sh000001,3533.303,3542.903,3550.444,3521.292,31301761200.0
2021-11-16,sh000001,3521.787,3530.458,3549.765,3517.807,31039990900.0
2021-11-17,sh000001,3537.366,3518.565,3537.513,3513.523,27673567100.0
2021-11-18,sh000001,3520.711,3531.492,3537.976,3513.114,31242692700.0
2021-11-19,sh000001,3560.373,3519.276,3561.913,3517.651,31798997600.0
2021-11-22,sh000001,3582.08,3562.763,3585.188,3562.751,33000938500.0
2021-11-23,sh000001,3589.089,3580.506,3598.375,3577.361,36001159300.0
2021-11-24,sh000001,3592.703,3590.019,3602.735,3575.288,33677524600.0
2021-11-25,sh000001,3584.179,3593.388,3597.148,3579.533,30645151800.0
2021-11-26,sh000001,3564.089,3576.114,3576.114,3554.88,30100006600.0
2021-11-29,sh000001,3562.697,3528.672,3563.677,3526.355,33361833100.0
2021-11-30,sh000001,3563.887,3570.747,3582.115,3546.362,34918793800.0
2021-12-01,sh000001,3576.885,3561.886,3576.885,3558.691,32987351700.0
2021-12-02,sh000001,3573.836,3573.247,3586.867,3567.137,35404152400.0
2021-12-03,sh000001,3607.432,3576.45,3608.47,3573.214,37755104800.0
2021-12-06,sh000001,3589.306,3615.236,3626.126,3586.805,41867674300.0
2021-12-07,sh000001,3595.088,3611.217,3614.223,3572.569,40384259400.0
2021-12-08,sh000001,3637.568,3602.824,3637.715,3591.986,36103665700.0
2021-12-09,sh000001,3673.041,3641.158,3688.397,3638.702,43191815700.0
2021-12-10,sh000001,3666.348,3654.368,3667.855,3651.353,41998880100.0
2021-12-13,sh000001,3681.082,3686.937,3708.942,3678.058,42409200900.0
2021-12-14,sh000001,3661.525,3669.807,3671.678,3654.656,36217193400.0
2021-12-15,sh000001,3647.63,3655.049,3668.402,3645.243,37747766700.0
2021-12-16,sh000001,3675.016,3648.927,3675.016,3644.665,38132950700.0
2021-12-17,sh000001,3632.364,3670.258,3673.654,3631.661,40848783700.0
2021-12-20,sh000001,3593.602,3620.037,3643.954,3589.36,42385141000.0
2021-12-21,sh000001,3625.125,3591.452,3627.088,3591.452,40818434800.0
2021-12-22,sh000001,3622.618,3632.676,3635.899,3616.548,39482517700.0
2021-12-23,sh000001,3643.339,3625.47,3643.546,3618.048,38292573400.0
2021-12-24,sh000001,3618.054,3645.395,3648.956,3612.067,39034762500.0
2021-12-27,sh000001,3615.974,3613.047,3632.188,3601.935,32923529300.0
2021-12-28,sh000001,3630.112,3619.642,3631.077,3607.364,31620224200.0
2021-12-29,sh000001,3597.0,3630.916,3630.916,3596.323,30513176600.0
2021-12-30,sh000001,3619.189,3596.492,3628.918,3595.496,30783929100.0
2021-12-31,sh000001,3639.775,3626.242,3642.843,3624.942,32968193200.0
2022-01-04,sh000001,3632.329,3649.151,3651.892,3610.092,40502776900.0
2022-01-05,sh000001,3595.176,3628.263,3628.263,3583.467,42390202800.0
2022-01-06,sh000001,3586.079,3581.218,3594.489,3559.88,37154054300.0
2022-01-07,sh000001,3579.543,3588.985,3607.232,3577.098,43630696100.0
2022-01-10,sh000001,3593.519,3572.743,3593.519,3555.126,35622261000.0
2022-01-11,sh000001,3567.441,3589.904,3602.145,3562.754,35976186300.0
2022-01-12,sh000001,3597.432,3578.163,3599.499,3572.097,34313295600.0
2022-01-13,sh000001,3555.259,3601.027,3601.073,3555.158,36936836500.0
2022-01-14,sh000001,3521.256,3544.065,3548.42,3519.322,37693702400.0
2022-01-17,sh000001,3541.666,3522.085,3546.085,3519.426,31288673300.0
2022-01-18,sh000001,3569.914,3541.89,3579.313,3531.33,37714643500.0
2022-01-19,sh000001,3558.18,3567.631,3578.735,3541.662,33323526900.0
2022-01-20,sh000001,3555.063,3556.226,3576.259,3540.555,37950984600.0
2022-01-21,sh000001,3522.568,3546.75,3547.0,3514.885,32653488000.0
2022-01-24,sh000001,3524.105,3508.244,3531.608,3500.139,28026834200.0
2022-01-25,sh000001,3433.061,3509.285,3519.833,3433.061,32735381300.0
2022-01-26,sh000001,3455.668,3442.692,3462.123,3417.759,27512282800.0
2022-01-27,sh000001,3394.247,3456.102,3456.363,3392.015,28060653400.0
2022-01-28,sh000001,3361.44,3407.593,3417.045,3356.556,29085525700.0
2022-02-07,sh000001,3429.581,3407.762,3434.026,3407.762,32048521100.0
2022-02-08,sh000001,3452.629,3428.542,3453.186,3390.458,36609386500.0
2022-02-09,sh000001,3479.946,3450.818,3484.739,3444.085,35024993600.0
2022-02-10,sh000001,3485.907,3481.91,3488.855,3464.217,35566626700.0
2022-02-11,sh000001,3462.948,3472.276,3500.147,3459.33,36135609000.0
2022-02-14,sh000001,3428.882,3451.847,3457.265,3415.446,31527444800.0
2022-02-15,sh000001,3446.089,3428.045,3447.492,3421.64,27555932200.0
2022-02-16,sh000001,3465.831,3457.073,3475.058,3453.801,27499391300.0
2022-02-17,sh000001,3468.035,3464.209,3480.972,3454.277,29726268200.0
2022-02-18,sh000001,3490.757,3451.632,3490.757,3447.027,29514996300.0
2022-02-21,sh000001,3490.612,3488.406,3492.199,3471.686,30154174000.0
2022-02-22,sh000001,3457.146,3473.287,3473.393,3437.672,32627948400.0
2022-02-23,sh000001,3489.147,3458.514,3490.763,3458.18,32560489500.0
2022-02-24,sh000001,3429.956,3474.369,3486.977,3400.214,48835490100.0
2022-02-25,sh000001,3451.406,3445.336,3480.176,3440.934,37754255600.0
2022-02-28,sh000001,3462.306,3450.316,3462.306,3425.516,34583838800.0
2022-03-01,sh000001,3488.835,3471.365,3491.132,3465.715,32600166200.0
2022-03-02,sh000001,3484.192,3478.293,3486.621,3467.0,32936768400.0
2022-03-03,sh000001,3481.113,3495.928,3500.287,3473.338,41259428900.0
2022-03-04,sh000001,3447.649,3459.985,3474.882,3437.696,39352658100.0
2022-03-07,sh000001,3372.855,3438.56,3438.56,3360.739,39358899900.0
2022-03-08,sh000001,3293.53,3372.555,3383.633,3287.341,41592676600.0
2022-03-09,sh000001,3256.388,3303.706,3321.481,3147.677,46628556900.0
2022-03-10,sh000001,3296.092,3312.179,3326.583,3291.235,37833637600.0
2022-03-11,sh000001,3309.747,3259.323,3315.66,3217.419,38406712700.0
2022-03-14,sh000001,3223.533,3271.89,3297.797,3223.533,33796868700.0
2022-03-15,sh000001,3063.965,3192.364,3196.916,3063.965,46503716400.0
2022-03-16,sh000001,3170.71,3107.669,3177.788,3023.305,44466718900.0
2022-03-17,sh000001,3215.045,3215.011,3260.167,3202.934,42081345800.0
2022-03-18,sh000001,3251.072,3207.152,3260.783,3197.358,37303561100.0
2022-03-21,sh000001,3253.686,3255.615,3267.498,3223.389,35422848800.0
2022-03-22,sh000001,3259.862,3249.543,3279.113,3239.532,36119615800.0
2022-03-23,sh000001,3271.033,3264.792,3279.887,3251.982,34987537000.0
2022-03-24,sh000001,3250.264,3256.057,3266.887,3236.659,32900665400.0
2022-03-25,sh000001,3212.24,3247.157,3257.106,3211.645,34002000600.0
2022-03-28,sh000001,3214.503,3185.167,3230.215,3159.835,34499487300.0
2022-03-29,sh000001,3203.939,3216.012,3229.177,3196.455,31627364900.0
2022-03-30,sh000001,3266.596,3217.592,3266.596,3216.302,36675367700.0
2022-03-31,sh000001,3252.203,3256.137,3272.04,3246.063,39843993400.0
2022-04-01,sh000001,3282.717,3234.668,3287.229,3226.297,37821046000.0
2022-04-06,sh000001,3283.426,3269.427,3288.108,3255.689,42964277900.0
2022-04-07,sh000001,3236.695,3267.81,3290.256,3236.479,40262666000.0
2022-04-08,sh000001,3251.85,3239.877,3257.094,3208.352,41382679900.0
2022-04-11,sh000001,3167.126,3239.855,3239.855,3156.507,42416018500.0
2022-04-12,sh000001,3213.33,3165.12,3214.536,3140.9,41832192300.0
2022-04-13,sh000001,3186.824,3199.797,3225.467,3183.533,39115692500.0
2022-04-14,sh000001,3225.641,3203.634,3240.001,3200.235,37124234400.0
2022-04-15,sh000001,3211.245,3210.7,3229.866,3200.133,40784208200.0
2022-04-18,sh000001,3195.524,3185.943,3204.027,3166.978,34736512300.0
2022-04-19,sh000001,3194.029,3192.092,3207.828,3174.714,33994410400.0
2022-04-20,sh000001,3151.05,3189.891,3191.832,3142.049,36204703700.0
2022-04-21,sh000001,3079.808,3138.428,3160.899,3069.681,39193469400.0
2022-04-22,sh000001,3086.919,3058.404,3105.655,3049.356,34200056300.0
2022-04-25,sh000001,2928.512,3034.267,3043.816,2928.51,43360610800.0
2022-04-26,sh000001,2886.426,2930.453,2957.68,2878.256,40161515400.0
2022-04-27,sh000001,2958.282,2866.816,2959.178,2863.65,42306019100.0
2022-04-28,sh000001,2975.485,2945.811,2991.51,2936.794,37537177500.0
2022-04-29,sh000001,3047.062,2986.061,3048.494,2968.334,42393279400.0
2022-05-05,sh000001,3067.759,3044.849,3082.23,3042.116,38307287500.0
2022-05-06,sh000001,3001.561,3011.319,3030.693,2992.715,34326421800.0
2022-05-09,sh000001,3004.141,2990.199,3015.943,2983.612,29206155600.0
2022-05-10,sh000001,3035.844,2965.776,3043.779,2957.397,37066098000.0
2022-05-11,sh000001,3058.703,3035.389,3100.9,3034.675,42399191200.0
2022-05-12,sh000001,3054.994,3044.8,3072.157,3032.945,34444047700.0
2022-05-13,sh000001,3084.285,3068.033,3086.096,3059.253,33173785200.0
2022-05-16,sh000001,3073.749,3100.55,3102.577,3063.398,33810849200.0
2022-05-17,sh000001,3093.697,3076.498,3093.697,3057.641,33035653700.0
2022-05-18,sh000001,3085.977,3095.886,3105.842,3071.305,31503792300.0
2022-05-19,sh000001,3096.965,3046.71,3096.965,3042.674,33660074900.0
2022-05-20,sh000001,3146.567,3107.094,3146.567,3107.094,37233663600.0
2022-05-23,sh000001,3146.857,3150.49,3150.509,3127.899,35337632500.0
2022-05-24,sh000001,3070.927,3149.059,3153.13,3070.927,41631215800.0
2022-05-25,sh000001,3107.464,3070.17,3107.628,3069.946,34225922700.0
2022-05-26,sh000001,3123.108,3111.482,3133.277,3079.481,37030551800.0
2022-05-27,sh000001,3130.239,3135.032,3151.047,3112.544,35946386600.0
2022-05-30,sh000001,3149.061,3141.956,3150.892,3123.15,34936228500.0
2022-05-31,sh000001,3186.427,3149.944,3188.603,3142.004,37452326500.0
2022-06-01,sh000001,3182.157,3179.695,3190.609,3160.04,36566443200.0
2022-06-02,sh000001,3195.458,3170.306,3197.282,3163.756,36177063200.0
2022-06-06,sh000001,3236.372,3196.955,3237.071,3181.647,42202783500.0
2022-06-07,sh000001,3241.764,3235.416,3253.093,3222.635,40220322000.0
2022-06-08,sh000001,3263.793,3245.017,3266.63,3216.015,43418327000.0
2022-06-09,sh000001,3238.954,3259.49,3270.557,3223.475,42272837200.0
2022-06-10,sh000001,3284.834,3214.185,3286.62,3210.808,43986573000.0
2022-06-13,sh000001,3255.551,3256.275,3272.991,3229.309,43857831200.0
2022-06-14,sh000001,3288.907,3224.214,3289.134,3195.819,45038818700.0
2022-06-15,sh000001,3305.407,3289.104,3358.545,3288.851,55058413100.0
2022-06-16,sh000001,3285.385,3306.835,3319.689,3277.531,43322086800.0
2022-06-17,sh000001,3316.786,3265.512,3323.28,3262.894,39530070000.0
2022-06-20,sh000001,3315.43,3315.783,3333.903,3292.928,41346041000.0
2022-06-21,sh000001,3306.719,3313.787,3329.39,3279.827,39445689100.0
2022-06-22,sh000001,3267.202,3309.118,3311.021,3266.543,37552978200.0
2022-06-23,sh000001,3320.149,3269.055,3320.149,3262.294,40061421100.0
2022-06-24,sh000001,3349.747,3324.736,3356.715,3322.95,39081973400.0
2022-06-27,sh000001,3379.185,3364.003,3393.309,3364.003,41411773800.0
2022-06-28,sh000001,3409.21,3377.679,3412.102,3358.867,41205651600.0
2022-06-29,sh000001,3361.518,3399.678,3414.647,3358.468,44057355900.0
2022-06-30,sh000001,3398.616,3358.934,3417.009,3358.934,38124317800.0
2022-07-01,sh000001,3387.637,3400.262,3404.052,3378.362,35048929900.0
2022-07-04,sh000001,3405.427,3381.819,3405.619,3364.095,35773791900.0
2022-07-05,sh000001,3404.025,3411.13,3424.837,3372.062,41169967200.0
2022-07-06,sh000001,3355.35,3391.027,3391.027,3333.097,38463004700.0
2022-07-07,sh000001,3364.398,3353.128,3375.86,3332.309,33440020200.0
2022-07-08,sh000001,3356.078,3380.369,3386.315,3354.121,32292107200.0
2022-07-11,sh000001,3313.584,3341.102,3341.102,3297.005,34266919300.0
2022-07-12,sh000001,3281.467,3307.221,3319.251,3277.079,33460053900.0
2022-07-13,sh000001,3284.292,3279.603,3297.019,3266.481,33184566900.0
2022-07-14,sh000001,3281.744,3277.455,3299.251,3261.493,35592643200.0
2022-07-15,sh000001,3228.061,3261.383,3288.92,3228.061,38015637100.0
2022-07-18,sh000001,3278.103,3235.088,3278.472,3226.232,34834602200.0
2022-07-19,sh000001,3279.431,3278.722,3283.93,3256.015,31565191800.0
2022-07-20,sh000001,3304.724,3291.551,3308.347,3287.744,30151512300.0
2022-07-21,sh000001,3272.001,3297.661,3300.535,3272.001,33235870700.0
2022-07-22,sh000001,3269.974,3276.197,3293.644,3246.731,30069006600.0
2022-07-25,sh000001,3250.388,3269.707,3273.184,3243.031,27124574400.0
2022-07-26,sh000001,3277.436,3254.185,3282.413,3246.044,25946867600.0
2022-07-27,sh000001,3275.755,3271.783,3282.574,3265.727,24913148500.0
2022-07-28,sh000001,3282.576,3287.502,3305.706,3277.108,28805505600.0
2022-07-29,sh000001,3253.238,3282.811,3294.805,3246.368,30733104700.0
2022-08-01,sh000001,3259.959,3246.616,3264.304,3225.553,29220480500.0
2022-08-02,sh000001,3186.266,3231.262,3231.262,3155.187,39417616800.0
2022-08-03,sh000001,3163.674,3188.891,3217.55,3159.457,32488567300.0
2022-08-04,sh000001,3189.039,3179.428,3190.999,3155.704,26089894300.0
2022-08-05,sh000001,3227.027,3195.227,3228.886,3184.455,27468372900.0
2022-08-08,sh000001,3236.934,3218.851,3237.969,3214.083,25426805000.0
2022-08-09,sh000001,3247.432,3235.735,3248.772,3227.539,25960546700.0
2022-08-10,sh000001,3230.02,3242.362,3253.166,3217.807,25758359200.0
2022-08-11,sh000001,3281.665,3243.472,3281.665,3237.904,30060537600.0
2022-08-12,sh000001,3276.888,3275.77,3288.223,3272.841,29993292800.0
2022-08-15,sh000001,3276.087,3268.365,3286.891,3261.815,28710677300.0
2022-08-16,sh000001,3277.885,3278.676,3295.023,3271.57,30359227400.0
2022-08-17,sh000001,3292.526,3282.101,3295.998,3263.348,32612475900.0
2022-08-18,sh000001,3277.544,3286.367,3289.142,3270.558,30169477800.0
2022-08-19,sh000001,3258.078,3275.623,3286.491,3258.064,33353547100.0
2022-08-22,sh000001,3277.794,3249.705,3278.166,3247.187,31453786900.0
2022-08-23,sh000001,3276.223,3274.427,3284.596,3262.633,31656635600.0
2022-08-24,sh000001,3215.203,3279.172,3281.875,3212.386,36614057700.0
2022-08-25,sh000001,3246.248,3223.465,3248.351,3199.124,33619616500.0
2022-08-26,sh000001,3236.223,3250.628,3266.274,3232.277,30992755400.0
2022-08-29,sh000001,3240.728,3203.102,3240.728,3198.996,29701509700.0
2022-08-30,sh000001,3227.22,3240.184,3243.746,3212.635,29431891400.0
2022-08-31,sh000001,3202.138,3216.526,3232.016,3184.394,34440882900.0
2022-09-01,sh000001,3184.98,3196.537,3214.558,3181.626,27466054100.0
2022-09-02,sh000001,3186.478,3189.644,3198.281,3173.793,25045691100.0
2022-09-05,sh000001,3199.912,3183.946,3199.912,3172.039,28067563300.0
2022-09-06,sh000001,3243.447,3207.933,3244.635,3203.816,31886968900.0
2022-09-07,sh000001,3246.294,3232.137,3253.767,3227.823,30101446600.0
2022-09-08,sh000001,3235.586,3245.557,3253.701,3233.801,28168035800.0
2022-09-09,sh000001,3262.054,3241.181,3266.197,3236.508,28382766500.0
2022-09-13,sh000001,3263.797,3272.049,3278.166,3259.664,27618982300.0
2022-09-14,sh000001,3237.542,3224.678,3250.802,3221.961,25519336500.0
2022-09-15,sh000001,3199.919,3248.972,3254.179,3174.39,32520612100.0
2022-09-16,sh000001,3126.398,3189.827,3191.827,3126.397,31647589300.0
2022-09-19,sh000001,3115.602,3122.755,3135.557,3101.221,24911366200.0
2022-09-20,sh000001,3122.406,3127.836,3140.025,3114.037,21994253400.0
2022-09-21,sh000001,3117.177,3116.007,3129.825,3091.297,23297249600.0
2022-09-22,sh000001,3108.91,3098.768,3125.68,3092.819,22114068900.0
2022-09-23,sh000001,3088.37,3106.806,3124.658,3072.241,24305771900.0
2022-09-26,sh000001,3051.226,3067.569,3102.654,3048.514,26269862800.0
2022-09-27,sh000001,3093.862,3056.392,3094.039,3048.365,23273530300.0
2022-09-28,sh000001,3045.067,3089.098,3089.098,3044.864,23009865000.0
2022-09-29,sh000001,3041.205,3067.473,3076.762,3026.079,23003041600.0
2022-09-30,sh000001,3024.391,3042.166,3054.613,3021.931,20411533600.0
2022-10-10,sh000001,2974.145,3026.935,3029.448,2968.281,24340482800.0
2022-10-11,sh000001,2979.793,2978.062,2986.912,2953.495,20863595000.0
2022-10-12,sh000001,3025.506,2976.717,3025.506,2934.092,24801355700.0
2022-10-13,sh000001,3016.356,3008.302,3036.249,3004.496,24968328100.0
2022-10-14,sh000001,3071.987,3035.034,3084.272,3035.034,27730406100.0
2022-10-17,sh000001,3084.942,3060.518,3087.194,3052.715,26260861800.0
2022-10-18,sh000001,3080.957,3094.927,3099.918,3074.216,24563475700.0
2022-10-19,sh000001,3044.378,3073.262,3081.39,3044.378,23089531000.0
2022-10-20,sh000001,3035.05,3029.303,3070.265,3013.693,24473614500.0
2022-10-21,sh000001,3038.929,3038.036,3055.416,3026.96,24525412200.0
2022-10-24,sh000001,2977.555,3034.746,3064.421,2965.168,29808535600.0
2022-10-25,sh000001,2976.283,2969.156,3001.715,2944.261,25555416000.0
2022-10-26,sh000001,2999.504,2977.564,3028.348,2977.564,26868949200.0
2022-10-27,sh000001,2982.903,3005.037,3017.263,2981.689,26560825400.0
2022-10-28,sh000001,2915.926,2967.022,2974.236,2908.983,29253130800.0
2022-10-31,sh000001,2893.483,2893.196,2926.015,2885.089,30199420300.0
2022-11-01,sh000001,2969.2,2899.499,2969.2,2896.757,31980957800.0
2022-11-02,sh000001,3003.37,2960.647,3019.049,2954.948,32507824800.0
2022-11-03,sh000001,2997.806,2981.204,3003.721,2977.716,25934856700.0
2022-11-04,sh000001,3070.796,2996.997,3081.59,2996.997,32980674000.0
2022-11-07,sh000001,3077.817,3062.859,3088.193,3054.457,32056709700.0
2022-11-08,sh000001,3064.493,3077.306,3078.276,3047.462,25652200700.0
2022-11-09,sh000001,3048.168,3064.463,3073.918,3046.188,23563732400.0
2022-11-10,sh000001,3036.132,3031.692,3047.98,3022.851,27037179800.0
2022-11-11,sh000001,3087.293,3099.65,3117.742,3070.301,40960453400.0
2022-11-14,sh000001,3083.401,3100.867,3121.406,3075.215,36178821600.0
2022-11-15,sh000001,3134.078,3081.135,3135.59,3074.498,33147057700.0
2022-11-16,sh000001,3119.98,3133.65,3145.753,3115.345,30342984400.0
2022-11-17,sh000001,3115.435,3110.965,3115.435,3087.174,28702840700.0
2022-11-18,sh000001,3097.243,3116.729,3126.711,3096.886,29995427600.0
2022-11-21,sh000001,3085.044,3078.057,3085.243,3056.17,25604554900.0
2022-11-22,sh000001,3088.943,3084.233,3118.12,3076.321,32756592700.0
2022-11-23,sh000001,3096.907,3084.74,3108.244,3075.324,32615544900.0
2022-11-24,sh000001,3089.31,3104.096,3113.239,3084.855,26748292800.0
2022-11-25,sh000001,3101.693,3085.461,3111.421,3077.967,31143197900.0
2022-11-28,sh000001,3078.549,3055.29,3080.184,3034.705,30581128400.0
2022-11-29,sh000001,3149.748,3096.113,3152.003,3096.113,39144974800.0
2022-11-30,sh000001,3151.335,3141.399,3158.573,3137.369,37271832100.0
2022-12-01,sh000001,3165.471,3187.99,3198.409,3164.535,38701305600.0
2022-12-02,sh000001,3156.144,3160.579,3170.898,3149.841,30781248400.0
2022-12-05,sh000001,3211.814,3181.916,3213.44,3177.064,44739843700.0
2022-12-06,sh000001,3212.533,3200.275,3224.822,3195.079,37359029600.0
2022-12-07,sh000001,3199.619,3204.935,3226.082,3188.671,35411307800.0
2022-12-08,sh000001,3197.35,3196.016,3206.715,3187.257,32096929400.0
2022-12-09,sh000001,3206.95,3197.118,3212.106,3182.907,37334320900.0
2022-12-12,sh000001,3179.042,3195.868,3196.725,3176.575,33338179200.0
2022-12-13,sh000001,3176.326,3179.435,3187.204,3171.483,28582120000.0
2022-12-14,sh000001,3176.525,3178.554,3189.835,3168.593,26562356900.0
2022-12-15,sh000001,3168.648,3177.2,3179.1,3158.452,24302333300.0
2022-12-16,sh000001,3167.858,3156.135,3175.353,3151.609,25977179500.0
2022-12-19,sh000001,3107.115,3165.309,3170.255,3096.098,27851354100.0
2022-12-20,sh000001,3073.766,3098.953,3100.748,3061.51,21883676600.0
2022-12-21,sh000001,3068.411,3078.331,3085.795,3060.554,18906792000.0
2022-12-22,sh000001,3054.431,3085.8,3096.245,3044.599,22363953700.0
2022-12-23,sh000001,3045.866,3038.842,3061.867,3031.536,19202030500.0
2022-12-26,sh000001,3065.563,3048.196,3071.836,3047.349,20650389300.0
2022-12-27,sh000001,3095.568,3077.747,3098.078,3074.313,22221832200.0
2022-12-28,sh000001,3087.4,3088.617,3098.65,3079.434,22455415100.0
2022-12-29,sh000001,3073.702,3076.726,3086.005,3064.459,21557067600.0
2022-12-30,sh000001,3089.258,3084.523,3096.314,3082.196,21754534400.0
2023-01-03,sh000001,3116.512,3087.513,3119.856,3073.054,28137036200.0
2023-01-04,sh000001,3123.516,3117.571,3129.094,3109.451,27331362600.0
2023-01-05,sh000001,3155.216,3132.761,3159.427,3130.23,25700301800.0
2023-01-06,sh000001,3157.637,3155.075,3170.742,3151.841,25738025500.0
2023-01-09,sh000001,3176.085,3169.374,3183.583,3165.428,25811521800.0
2023-01-10,sh000001,3169.507,3178.022,3178.157,3165.145,23298417500.0
2023-01-11,sh000001,3161.838,3172.376,3184.757,3160.89,23774286900.0
2023-01-12,sh000001,3163.451,3167.273,3171.591,3153.404,21667130500.0
2023-01-13,sh000001,3195.306,3170.355,3195.307,3167.51,22022689700.0
2023-01-16,sh000001,3227.592,3198.519,3251.374,3197.319,30674954900.0
2023-01-17,sh000001,3224.245,3229.435,3231.265,3211.757,22659223000.0
2023-01-18,sh000001,3224.406,3227.595,3234.817,3220.37,21210973000.0
2023-01-19,sh000001,3240.279,3221.518,3240.279,3210.383,22646503000.0
2023-01-20,sh000001,3264.814,3247.203,3267.058,3247.203,27321918200.0
2023-01-30,sh000001,3269.318,3308.869,3310.49,3266.758,35332582900.0
2023-01-31,sh000001,3255.669,3266.144,3277.252,3252.015,30016295700.0
2023-02-01,sh000001,3284.921,3262.196,3284.922,3245.411,33950941000.0
2023-02-02,sh000001,3285.671,3291.783,3295.764,3272.414,33341313300.0
2023-02-03,sh000001,3263.406,3275.658,3275.658,3235.353,29334281400.0
2023-02-06,sh000001,3238.698,3244.701,3250.351,3226.211,26705310700.0
2023-02-07,sh000001,3248.094,3245.23,3250.033,3233.833,25094645000.0
2023-02-08,sh000001,3232.106,3251.501,3257.114,3230.439,23453048100.0
2023-02-09,sh000001,3270.383,3227.728,3270.383,3225.772,25475452900.0
2023-02-10,sh000001,3260.673,3266.437,3269.994,3247.23,26062692600.0
2023-02-13,sh000001,3284.16,3256.988,3285.091,3252.633,29721318800.0
2023-02-14,sh000001,3293.283,3288.974,3293.734,3279.189,27097416800.0
2023-02-15,sh000001,3280.492,3294.015,3296.2,3274.551,26993912300.0
2023-02-16,sh000001,3249.03,3281.735,3308.828,3231.342,38086354500.0
2023-02-17,sh000001,3224.024,3244.733,3262.473,3223.258,27845123700.0
2023-02-20,sh000001,3290.338,3230.473,3291.039,3225.843,32500773300.0
2023-02-21,sh000001,3306.524,3291.631,3308.791,3282.436,32440944900.0
2023-02-22,sh000001,3291.148,3292.049,3307.034,3286.721,25540398500.0
2023-02-23,sh000001,3287.477,3293.522,3307.439,3275.362,26232430400.0
2023-02-24,sh000001,3267.16,3287.255,3288.392,3253.975,23420630600.0
2023-02-27,sh000001,3258.034,3257.0,3276.579,3251.721,24285534400.0
2023-02-28,sh000001,3279.605,3265.742,3280.415,3246.145,25162503200.0
2023-03-01,sh000001,3312.348,3279.136,3315.16,3272.035,31839870400.0
2023-03-02,sh000001,3310.654,3308.011,3320.744,3306.455,32852001600.0
2023-03-03,sh000001,3328.393,3314.773,3330.605,3302.623,34399691900.0
2023-03-06,sh000001,3322.026,3332.024,3333.062,3308.726,34053044600.0
2023-03-07,sh000001,3285.099,3320.211,3342.859,3284.41,38995795600.0
2023-03-08,sh000001,3283.248,3271.88,3283.248,3263.693,26044354700.0
2023-03-09,sh000001,3276.094,3285.943,3289.06,3260.0,26402185900.0
2023-03-10,sh000001,3230.077,3255.512,3262.147,3229.496,28113541000.0
2023-03-13,sh000001,3268.696,3228.124,3268.696,3228.124,29492808700.0
2023-03-14,sh000001,3245.312,3261.922,3262.003,3216.993,31990603300.0
2023-03-15,sh000001,3263.315,3261.028,3273.123,3256.857,30516879800.0
2023-03-16,sh000001,3226.891,3244.47,3257.433,3224.722,32738963200.0
2023-03-17,sh000001,3250.546,3245.26,3279.923,3240.157,34300102200.0
2023-03-20,sh000001,3234.91,3253.93,3267.993,3231.646,39251739100.0
2023-03-21,sh000001,3255.651,3240.839,3256.0,3237.893,30181077900.0
2023-03-22,sh000001,3265.748,3263.413,3279.394,3255.739,29084046200.0
2023-03-23,sh000001,3286.649,3258.779,3286.649,3252.992,30611839300.0
2023-03-24,sh000001,3265.654,3282.739,3282.739,3260.844,32451333700.0
2023-03-27,sh000001,3251.397,3261.824,3261.824,3229.704,33786120600.0
2023-03-28,sh000001,3245.376,3256.602,3264.098,3241.737,29568266000.0
2023-03-29,sh000001,3240.057,3253.621,3254.556,3229.585,29690050800.0
2023-03-30,sh000001,3261.249,3243.068,3263.738,3220.985,29989829500.0
2023-03-31,sh000001,3272.86,3263.406,3278.423,3260.04,28361374600.0
2023-04-03,sh000001,3296.396,3277.34,3299.732,3276.416,35767677500.0
2023-04-04,sh000001,3312.558,3297.183,3312.562,3290.993,38587161700.0
2023-04-06,sh000001,3312.628,3302.751,3314.526,3296.055,32715542400.0
2023-04-07,sh000001,3327.646,3312.481,3328.846,3308.061,28303224700.0
2023-04-10,sh000001,3315.358,3331.505,3332.715,3309.917,34081984500.0
2023-04-11,sh000001,3313.571,3317.077,3317.448,3298.25,32056605500.0
2023-04-12,sh000001,3327.182,3316.862,3330.708,3315.399,34302531500.0
2023-04-13,sh000001,3318.364,3321.273,3334.47,3309.252,34786210600.0
2023-04-14,sh000001,3338.153,3326.37,3340.076,3316.81,33829927500.0
2023-04-17,sh000001,3385.61,3337.061,3385.61,3336.388,40280992600.0
2023-04-18,sh000001,3393.331,3379.227,3396.175,3375.78,34839948600.0
2023-04-19,sh000001,3370.128,3391.355,3394.959,3364.642,34612344300.0
2023-04-20,sh000001,3367.031,3367.053,3371.368,3344.016,35035496500.0
2023-04-21,sh000001,3301.258,3363.999,3367.609,3301.258,38739509800.0
2023-04-24,sh000001,3275.413,3300.813,3303.091,3264.935,35425562600.0
2023-04-25,sh000001,3264.872,3276.403,3288.569,3229.446,38089572900.0
2023-04-26,sh000001,3264.101,3255.217,3277.98,3239.989,35791784200.0
2023-04-27,sh000001,3285.884,3256.228,3299.301,3253.112,34159053400.0
2023-04-28,sh000001,3323.275,3283.122,3324.881,3283.122,40155478500.0
2023-05-04,sh000001,3350.459,3306.483,3352.746,3302.028,48336491600.0
2023-05-05,sh000001,3334.503,3350.654,3364.142,3321.187,43650449400.0
2023-05-08,sh000001,3395.004,3340.99,3400.177,3340.99,53410365900.0
2023-05-09,sh000001,3357.671,3402.394,3418.953,3356.118,57301330900.0
2023-05-10,sh000001,3319.151,3347.702,3349.721,3305.251,45173973100.0
2023-05-11,sh000001,3309.551,3323.658,3333.25,3307.289,35425827100.0
2023-05-12,sh000001,3272.362,3304.458,3319.131,3271.431,34731498300.0
2023-05-15,sh000001,3310.737,3269.878,3310.737,3235.868,38804588700.0
2023-05-16,sh000001,3290.987,3310.161,3317.901,3282.492,32247941000.0
2023-05-17,sh000001,3284.232,3281.966,3298.519,3269.894,28574405000.0
2023-05-18,sh000001,3297.32,3288.411,3313.862,3284.168,30996747200.0
2023-05-19,sh000001,3283.542,3288.891,3302.342,3268.224,28540406400.0
2023-05-22,sh000001,3296.47,3278.596,3308.533,3276.54,27388999800.0
2023-05-23,sh000001,3246.238,3294.788,3298.226,3246.238,27527908300.0
2023-05-24,sh000001,3204.749,3237.705,3237.705,3204.381,28872025700.0
2023-05-25,sh000001,3201.261,3197.364,3207.021,3168.572,28358892500.0
2023-05-26,sh000001,3212.504,3198.883,3220.774,3179.822,26170047900.0
2023-05-29,sh000001,3221.448,3219.755,3230.971,3208.955,29738948700.0
2023-05-30,sh000001,3224.213,3214.673,3230.632,3186.626,30353246000.0
2023-05-31,sh000001,3204.564,3214.655,3216.36,3190.274,29457333800.0
2023-06-01,sh000001,3204.635,3196.155,3225.093,3189.517,31233075900.0
2023-06-02,sh000001,3230.069,3212.449,3233.992,3211.737,29466709800.0
2023-06-05,sh000001,3232.441,3231.811,3244.18,3221.625,27806020300.0
2023-06-06,sh000001,3195.34,3228.407,3247.349,3189.269,30828587200.0
2023-06-07,sh000001,3197.759,3197.468,3210.33,3188.005,25806340000.0
2023-06-08,sh000001,3213.586,3194.835,3225.526,3180.535,29353074100.0
2023-06-09,sh000001,3231.406,3213.033,3231.406,3206.103,31415550100.0
2023-06-12,sh000001,3228.834,3225.305,3239.437,3210.714,31378444400.0
2023-06-13,sh000001,3233.673,3223.896,3235.085,3215.499,28062845400.0
2023-06-14,sh000001,3228.989,3238.119,3248.461,3226.774,30353726000.0
2023-06-15,sh000001,3252.975,3230.451,3252.975,3229.145,31325575200.0
2023-06-16,sh000001,3273.334,3256.299,3276.552,3255.499,32628184600.0
2023-06-19,sh000001,3255.806,3271.164,3271.164,3251.779,32775304700.0
2023-06-20,sh000001,3240.365,3252.544,3252.844,3237.786,29826059600.0
2023-06-21,sh000001,3197.901,3230.114,3236.363,3197.901,29437737200.0
2023-06-26,sh000001,3150.619,3177.229,3181.076,3144.248,30812981100.0
2023-06-27,sh000001,3189.443,3153.313,3194.409,3148.266,28760432700.0
2023-06-28,sh000001,3189.376,3183.487,3192.659,3157.123,27623194800.0
2023-06-29,sh000001,3182.381,3185.424,3196.503,3179.525,25034007400.0
2023-06-30,sh000001,3202.062,3178.924,3212.993,3177.991,26537987300.0
2023-07-03,sh000001,3243.975,3209.162,3246.861,3209.162,31237139500.0
2023-07-04,sh000001,3245.349,3241.231,3246.958,3233.99,27924872100.0
2023-07-05,sh000001,3222.947,3240.049,3241.835,3218.602,26401642600.0
2023-07-06,sh000001,3205.575,3215.863,3229.48,3199.716,24611903200.0
2023-07-07,sh000001,3196.609,3197.472,3212.047,3189.211,25568846900.0
2023-07-10,sh000001,3203.696,3208.735,3216.535,3192.658,23656036700.0
2023-07-11,sh000001,3221.367,3211.122,3221.68,3200.385,22760046700.0
2023-07-12,sh000001,3196.134,3220.376,3224.331,3193.437,27142338600.0
2023-07-13,sh000001,3236.48,3202.699,3238.468,3202.699,27662050800.0
2023-07-14,sh000001,3237.701,3240.97,3248.385,3233.999,27332749400.0
2023-07-17,sh000001,3209.63,3219.016,3219.016,3195.886,25020837600.0
2023-07-18,sh000001,3197.82,3206.786,3210.248,3190.005,23503025900.0
2023-07-19,sh000001,3198.836,3195.009,3204.361,3181.561,21735586000.0
2023-07-20,sh000001,3169.522,3201.911,3209.055,3165.674,23893289100.0
2023-07-21,sh000001,3167.745,3163.421,3185.636,3157.334,22533136300.0
2023-07-24,sh000001,3164.161,3157.469,3178.734,3151.125,21659521100.0
2023-07-25,sh000001,3231.521,3201.458,3231.749,3201.458,34861771400.0
2023-07-26,sh000001,3223.028,3228.087,3229.892,3212.88,31720605100.0
2023-07-27,sh000001,3216.671,3225.476,3245.603,3210.47,32711886700.0
2023-07-28,sh000001,3275.926,3206.741,3280.278,3200.994,41106843400.0
2023-07-31,sh000001,3291.04,3287.209,3322.129,3281.013,45903099400.0
2023-08-01,sh000001,3290.949,3288.76,3305.34,3279.566,45989083300.0
2023-08-02,sh000001,3261.69,3281.858,3290.82,3252.304,40534149900.0
2023-08-03,sh000001,3280.463,3254.565,3280.864,3247.272,38469131700.0
2023-08-04,sh000001,3288.084,3296.094,3315.049,3281.734,47092769700.0
2023-08-07,sh000001,3268.831,3276.776,3276.776,3258.537,36034148400.0
2023-08-08,sh000001,3260.62,3260.722,3274.519,3246.675,31652073300.0
2023-08-09,sh000001,3244.487,3251.152,3257.082,3240.289,27121853800.0
2023-08-10,sh000001,3254.56,3242.206,3257.03,3234.116,28741214200.0
2023-08-11,sh000001,3189.248,3254.475,3254.475,3189.248,33013775000.0
2023-08-14,sh000001,3178.427,3159.714,3180.507,3141.655,29984032700.0
2023-08-15,sh000001,3176.176,3180.558,3186.234,3147.346,27325192200.0
2023-08-16,sh000001,3150.128,3164.702,3176.626,3149.723,28172829200.0
2023-08-17,sh000001,3163.739,3137.351,3167.446,3123.25,29469258600.0
2023-08-18,sh000001,3131.953,3165.1,3179.116,3131.953,29439035200.0
2023-08-21,sh000001,3092.978,3125.99,3134.957,3092.978,26575342300.0
2023-08-22,sh000001,3120.334,3103.781,3126.784,3074.531,30931633500.0
2023-08-23,sh000001,3078.402,3116.266,3116.377,3077.606,27224412400.0
2023-08-24,sh000001,3082.244,3085.911,3106.182,3072.951,30002463700.0
2023-08-25,sh000001,3064.075,3068.615,3085.047,3053.037,29334768600.0
2023-08-28,sh000001,3098.636,3219.043,3219.043,3089.119,48560776400.0
2023-08-29,sh000001,3135.887,3091.938,3145.761,3090.438,39887578000.0
2023-08-30,sh000001,3137.138,3144.407,3153.689,3126.902,34751186700.0
2023-08-31,sh000001,3119.876,3134.553,3139.98,3113.946,31344824200.0
2023-09-01,sh000001,3133.247,3126.023,3143.846,3123.19,29231099200.0
2023-09-04,sh000001,3177.06,3145.944,3177.06,3143.379,36639114000.0
2023-09-05,sh000001,3154.369,3169.738,3169.738,3150.075,29406184900.0
2023-09-06,sh000001,3158.077,3147.136,3162.155,3136.9,26700223000.0
2023-09-07,sh000001,3122.352,3152.203,3152.266,3120.823,26926473300.0
2023-09-08,sh000001,3116.719,3114.23,3126.041,3104.674,22812506400.0
2023-09-11,sh000001,3142.779,3119.61,3155.103,3113.816,29044291700.0
2023-09-12,sh000001,3137.059,3140.341,3147.514,3134.318,23467205100.0
2023-09-13,sh000001,3123.067,3137.772,3143.758,3106.969,24970103800.0
2023-09-14,sh000001,3126.551,3124.848,3135.025,3111.859,26399013800.0
2023-09-15,sh000001,3117.743,3133.588,3141.964,3107.448,29202636500.0
2023-09-18,sh000001,3125.932,3110.44,3128.701,3098.496,25944425700.0
2023-09-19,sh000001,3124.957,3123.986,3131.13,3113.525,25365276100.0
2023-09-20,sh000001,3108.568,3118.667,3122.128,3108.158,22812446200.0
2023-09-21,sh000001,3084.701,3103.175,3113.494,3084.701,22865910000.0
2023-09-22,sh000001,3132.432,3084.757,3132.558,3078.801,28597835100.0
2023-09-25,sh000001,3115.607,3131.208,3131.208,3112.151,25807188500.0
2023-09-26,sh000001,3102.273,3114.021,3120.289,3102.273,22264431300.0
2023-09-27,sh000001,3107.316,3104.04,3125.447,3103.844,24049583000.0
2023-09-28,sh000001,3110.475,3117.755,3121.835,3105.94,23632998100.0
2023-10-09,sh000001,3096.922,3100.0,3103.36,3072.642,26442220500.0
2023-10-10,sh000001,3075.236,3104.365,3109.982,3073.186,25532737900.0
2023-10-11,sh000001,3078.956,3085.699,3095.659,3071.936,25991869200.0
2023-10-12,sh000001,3107.901,3101.705,3109.99,3092.177,27482799800.0
2023-10-13,sh000001,3088.099,3091.997,3094.915,3080.548,25508523500.0
2023-10-16,sh000001,3073.813,3091.065,3091.126,3063.686,26388236300.0
2023-10-17,sh000001,3083.496,3076.428,3084.073,3064.89,25901958800.0
2023-10-18,sh000001,3058.71,3076.58,3076.58,3057.059,26864715500.0
2023-10-19,sh000001,3005.393,3043.196,3043.196,3004.775,30403891000.0
2023-10-20,sh000001,2983.059,2995.358,3006.275,2977.173,26711359400.0
2023-10-23,sh000001,2939.291,2969.786,2973.661,2923.511,27890412800.0
2023-10-24,sh000001,2962.244,2944.311,2964.761,2929.088,31098538900.0
2023-10-25,sh000001,2974.114,2986.407,2993.295,2972.418,33239200400.0
2023-10-26,sh000001,2988.299,2960.104,2990.328,2956.006,29181451100.0
2023-10-27,sh000001,3017.784,2978.403,3029.21,2974.88,32180371700.0
2023-10-30,sh000001,3021.553,3009.61,3028.264,3002.348,36060423800.0
2023-10-31,sh000001,3018.771,3019.646,3023.001,3006.609,31985996700.0
2023-11-01,sh000001,3023.077,3038.182,3038.33,3013.933,28011044500.0
2023-11-02,sh000001,3009.406,3028.665,3038.642,3009.121,26879458100.0
2023-11-03,sh000001,3030.798,3012.465,3040.981,3012.465,26848634700.0
2023-11-06,sh000001,3058.411,3047.13,3058.989,3037.694,37294963000.0
2023-11-07,sh000001,3057.27,3052.92,3064.577,3042.469,32685345500.0
2023-11-08,sh000001,3052.373,3051.153,3062.991,3037.289,33567783400.0
2023-11-09,sh000001,3053.279,3047.653,3063.467,3045.834,31562176400.0
2023-11-10,sh000001,3038.97,3043.559,3044.001,3027.088,28554649700.0
2023-11-13,sh000001,3046.533,3044.032,3048.621,3028.168,29043058800.0
2023-11-14,sh000001,3056.07,3046.817,3059.529,3044.426,29484473300.0
2023-11-15,sh000001,3072.835,3077.029,3080.128,3064.346,30425010700.0
2023-11-16,sh000001,3050.926,3066.855,3071.452,3050.926,27107946000.0
2023-11-17,sh000001,3054.366,3043.617,3055.856,3033.747,26760639300.0
2023-11-20,sh000001,3068.319,3056.927,3072.513,3043.515,28755699800.0
2023-11-21,sh000001,3067.933,3074.828,3089.774,3063.345,33073310200.0
2023-11-22,sh000001,3043.611,3060.498,3067.963,3043.611,28905649000.0
2023-11-23,sh000001,3061.856,3041.678,3062.867,3034.297,27659205900.0
2023-11-24,sh000001,3040.972,3060.331,3060.331,3037.201,28778841300.0
2023-11-27,sh000001,3031.7,3038.186,3038.358,3015.008,31051786800.0
2023-11-28,sh000001,3038.555,3028.598,3039.695,3020.231,26892074600.0
2023-11-29,sh000001,3021.687,3038.464,3038.977,3017.661,27795644800.0
2023-11-30,sh000001,3029.673,3021.103,3030.909,3013.768,28294535700.0
2023-12-01,sh000001,3031.636,3027.353,3035.76,3010.233,28608970000.0
2023-12-04,sh000001,3022.914,3033.298,3038.979,3022.348,28816205300.0
2023-12-05,sh000001,2972.296,3017.01,3017.01,2972.296,29394327800.0
2023-12-06,sh000001,2968.933,2966.948,2985.314,2959.603,29410418700.0
2023-12-07,sh000001,2966.206,2965.652,2976.015,2949.144,29624368700.0
2023-12-08,sh000001,2969.559,2965.39,2980.834,2962.327,36913870500.0
2023-12-11,sh000001,2991.439,2956.291,2995.67,2930.422,36021634400.0
2023-12-12,sh000001,3003.438,2986.328,3003.746,2980.446,28763876200.0
2023-12-13,sh000001,2968.761,2997.336,2997.336,2968.761,28275409800.0
2023-12-14,sh000001,2958.986,2979.699,2986.177,2958.066,27145765000.0
2023-12-15,sh000001,2942.557,2966.302,2976.309,2940.027,28932764200.0
2023-12-18,sh000001,2930.804,2936.575,2951.148,2924.325,29308699900.0
2023-12-19,sh000001,2932.391,2928.763,2940.501,2914.125,26592698000.0
2023-12-20,sh000001,2902.11,2932.119,2937.101,2902.04,26556245400.0
2023-12-21,sh000001,2918.715,2892.02,2924.256,2882.02,28254182700.0
2023-12-22,sh000001,2914.775,2919.288,2935.7,2906.509,29662836700.0
2023-12-25,sh000001,2918.813,2909.875,2920.632,2903.987,22981417800.0
2023-12-26,sh000001,2898.879,2917.971,2917.971,2892.837,22814085500.0
2023-12-27,sh000001,2914.614,2900.149,2917.956,2890.165,24790088200.0
2023-12-28,sh000001,2954.704,2913.11,2961.648,2909.389,33921311600.0
2023-12-29,sh000001,2974.935,2950.837,2975.032,2950.017,29067268700.0
2024-01-02,sh000001,2962.276,2972.775,2976.268,2962.276,30414179300.0
2024-01-03,sh000001,2967.247,2957.112,2971.283,2953.29,28545594500.0
2024-01-04,sh000001,2954.349,2965.509,2966.683,2936.635,26498092400.0
2024-01-05,sh000001,2929.183,2949.822,2967.968,2916.721,30104023900.0
2024-01-08,sh000001,2887.538,2923.457,2924.456,2887.538,27027505500.0
2024-01-09,sh000001,2893.251,2887.11,2900.727,2878.412,26295597500.0
2024-01-10,sh000001,2877.702,2886.981,2903.162,2870.416,24404652600.0
2024-01-11,sh000001,2886.65,2873.798,2896.179,2867.722,26705076400.0
2024-01-12,sh000001,2881.977,2880.04,2904.174,2878.875,26160293100.0
2024-01-15,sh000001,2886.291,2872.556,2904.464,2869.224,24461123600.0
2024-01-16,sh000001,2893.989,2881.56,2896.683,2861.13,28628671400.0
2024-01-17,sh000001,2833.615,2887.292,2887.489,2833.615,26125130800.0
2024-01-18,sh000001,2845.784,2822.667,2849.256,2760.978,39039685500.0
2024-01-19,sh000001,2832.279,2836.975,2849.876,2822.843,26666438800.0
2024-01-22,sh000001,2756.34,2826.503,2828.32,2735.372,35016575800.0
2024-01-23,sh000001,2770.976,2746.892,2784.841,2724.157,30874941700.0
2024-01-24,sh000001,2820.772,2782.142,2823.695,2743.397,36907060000.0
2024-01-25,sh000001,2906.109,2823.826,2906.794,2821.709,44200904500.0
2024-01-26,sh000001,2910.223,2897.915,2924.307,2890.482,42110908400.0
2024-01-29,sh000001,2883.356,2910.607,2923.899,2883.333,41058131100.0
2024-01-30,sh000001,2830.527,2866.28,2881.347,2829.25,33566122600.0
2024-01-31,sh000001,2788.548,2815.504,2834.011,2782.587,37710396500.0
2024-02-01,sh000001,2770.74,2773.424,2805.015,2752.782,35288918500.0
2024-02-02,sh000001,2730.152,2773.295,2791.676,2666.334,42623019900.0
2024-02-05,sh000001,2702.185,2716.081,2739.738,2635.09,47899029200.0
2024-02-06,sh000001,2789.486,2680.485,2802.931,2669.673,50284931300.0
2024-02-07,sh000001,2829.696,2791.515,2829.696,2770.529,54711743900.0
2024-02-08,sh000001,2865.903,2832.486,2867.474,2827.902,53110889300.0
2024-02-19,sh000001,2910.544,2886.587,2910.544,2867.71,45896770400.0
2024-02-20,sh000001,2922.73,2902.877,2927.308,2887.474,35013873500.0
2024-02-21,sh000001,2950.956,2906.024,2994.615,2898.05,44424546300.0
2024-02-22,sh000001,2988.358,2945.447,2988.358,2944.499,35413253600.0
2024-02-23,sh000001,3004.881,2992.912,3009.136,2979.973,38008327000.0
2024-02-26,sh000001,2977.022,3002.118,3009.479,2967.057,40902655800.0
2024-02-27,sh000001,3015.481,2966.417,3015.481,2961.148,37298468700.0
2024-02-28,sh000001,2957.852,3016.256,3031.488,2957.852,54410909300.0
2024-02-29,sh000001,3015.171,2943.624,3015.171,2943.624,40969637400.0
2024-03-01,sh000001,3027.02,3013.823,3032.232,3003.763,37913218400.0
2024-03-04,sh000001,3039.306,3026.607,3040.345,3007.683,38776000200.0
2024-03-05,sh000001,3047.793,3027.103,3052.541,3022.178,38350995500.0
2024-03-06,sh000001,3039.931,3041.752,3060.563,3034.354,34098273900.0
2024-03-07,sh000001,3027.401,3040.211,3063.692,3023.118,37715439100.0
2024-03-08,sh000001,3046.019,3026.165,3049.194,3016.903,31920439200.0
2024-03-11,sh000001,3068.455,3042.619,3068.455,3035.445,36160882100.0
2024-03-12,sh000001,3055.935,3068.182,3075.131,3044.857,41574391400.0
2024-03-13,sh000001,3043.835,3053.341,3061.951,3031.899,36504745300.0
2024-03-14,sh000001,3038.234,3042.413,3059.998,3020.637,36407229000.0
2024-03-15,sh000001,3054.636,3031.523,3056.447,3023.215,36026846300.0
2024-03-18,sh000001,3084.926,3057.209,3085.312,3055.922,40665350800.0
2024-03-19,sh000001,3062.756,3077.981,3090.046,3062.628,38412368000.0
2024-03-20,sh000001,3079.686,3058.648,3081.755,3056.645,34918772900.0
2024-03-21,sh000001,3077.113,3084.412,3090.051,3069.272,36687796800.0
2024-03-22,sh000001,3048.034,3070.548,3073.206,3027.762,39474048600.0
2024-03-25,sh000001,3026.306,3040.501,3065.261,3026.306,38748538900.0
2024-03-26,sh000001,3031.481,3026.922,3036.494,3006.26,34592878700.0
2024-03-27,sh000001,2993.139,3026.814,3030.45,2993.139,34319801000.0
2024-03-28,sh000001,3010.664,2988.59,3033.367,2984.12,35320002600.0
2024-03-29,sh000001,3041.167,3008.376,3041.298,3008.167,33482278500.0
2024-04-01,sh000001,3077.379,3049.021,3078.488,3049.021,37539364000.0
2024-04-02,sh000001,3074.959,3076.875,3085.537,3063.981,36730426200.0
2024-04-03,sh000001,3069.296,3074.893,3079.02,3057.397,36321138000.0
2024-04-08,sh000001,3047.053,3057.326,3077.351,3045.469,40293674000.0
2024-04-09,sh000001,3048.537,3044.614,3051.585,3033.209,33348996500.0
2024-04-10,sh000001,3027.335,3045.961,3049.607,3013.59,34899172100.0
2024-04-11,sh000001,3034.246,3013.573,3050.337,3009.897,34089439200.0
2024-04-12,sh000001,3019.474,3035.577,3043.56,3014.83,33422977100.0
2024-04-15,sh000001,3057.378,3013.672,3066.941,2995.542,46123924400.0
2024-04-16,sh000001,3007.068,3043.551,3052.435,3005.34,44807047300.0
2024-04-17,sh000001,3071.381,3008.061,3071.381,3002.056,41335836800.0
2024-04-18,sh000001,3074.225,3060.031,3102.553,3057.761,41632134900.0
2024-04-19,sh000001,3065.261,3060.299,3080.323,3055.058,37554385500.0
2024-04-22,sh000001,3044.595,3059.065,3078.423,3042.542,35721639900.0
2024-04-23,sh000001,3021.978,3038.612,3044.944,3016.517,32559512800.0
2024-04-24,sh000001,3044.822,3029.403,3045.64,3019.124,30526409300.0
2024-04-25,sh000001,3052.9,3037.927,3060.264,3034.65,29228014800.0
2024-04-26,sh000001,3088.636,3054.979,3092.43,3054.979,43938256300.0
2024-04-29,sh000001,3113.043,3086.682,3119.686,3080.586,50692544500.0
2024-04-30,sh000001,3104.825,3110.159,3123.288,3104.294,44021321300.0
2024-05-06,sh000001,3140.72,3132.512,3142.382,3126.769,45065689900.0
2024-05-07,sh000001,3147.738,3139.664,3151.219,3133.69,37910256400.0
2024-05-08,sh000001,3128.48,3141.487,3144.986,3126.173,33400032000.0
2024-05-09,sh000001,3154.32,3128.164,3158.465,3128.164,36088146200.0
2024-05-10,sh000001,3154.547,3158.589,3163.144,3137.152,38428749500.0
2024-05-13,sh000001,3148.021,3139.475,3157.366,3126.17,39703056500.0
2024-05-14,sh000001,3145.774,3148.849,3155.807,3137.609,34352619400.0
2024-05-15,sh000001,3119.902,3141.252,3142.973,3117.929,32102796200.0
2024-05-16,sh000001,3122.401,3127.184,3137.878,3116.163,36741736100.0
2024-05-17,sh000001,3154.026,3121.713,3154.026,3116.784,38391524400.0
2024-05-20,sh000001,3171.145,3156.148,3174.266,3155.99,42686728000.0
2024-05-21,sh000001,3157.966,3164.683,3165.224,3148.342,33578357200.0
2024-05-22,sh000001,3158.54,3157.189,3166.919,3152.457,35409808200.0
2024-05-23,sh000001,3116.387,3149.875,3150.628,3110.277,35394372700.0
2024-05-24,sh000001,3088.871,3110.753,3130.425,3087.794,30653227900.0
2024-05-27,sh000001,3124.043,3094.14,3125.506,3091.989,31939676500.0
2024-05-28,sh000001,3109.572,3122.388,3130.31,3106.365,31006697400.0
2024-05-29,sh000001,3111.018,3108.027,3128.137,3100.98,28997034600.0
2024-05-30,sh000001,3091.678,3103.708,3121.218,3085.384,30238076200.0
2024-05-31,sh000001,3086.813,3094.759,3107.604,3086.813,27607281600.0
2024-06-03,sh000001,3078.489,3085.981,3097.204,3061.277,35756336200.0
2024-06-04,sh000001,3091.199,3071.32,3095.322,3063.588,30928759800.0
2024-06-05,sh000001,3065.403,3086.051,3092.346,3064.736,29054234400.0
2024-06-06,sh000001,3048.794,3069.439,3077.673,3040.83,36986710400.0
2024-06-07,sh000001,3051.279,3053.915,3065.025,3031.044,31634248400.0
2024-06-11,sh000001,3028.045,3042.134,3043.2,3013.861,31048194200.0
2024-06-12,sh000001,3037.468,3025.296,3042.042,3021.309,27945210600.0
2024-06-13,sh000001,3028.919,3038.086,3040.402,3022.822,29786246300.0
2024-06-14,sh000001,3032.633,3020.959,3037.905,3011.577,34874675300.0
2024-06-17,sh000001,3015.891,3017.717,3026.624,3012.045,29576344800.0
2024-06-18,sh000001,3030.246,3015.071,3031.976,3012.523,27362599900.0
2024-06-19,sh000001,3018.049,3029.099,3030.226,3015.326,26129624800.0
2024-06-20,sh000001,3005.437,3015.722,3028.514,3001.768,29551590700.0
2024-06-21,sh000001,2998.138,2998.241,3011.914,2985.929,25500125100.0
2024-06-24,sh000001,2963.099,2982.826,2990.643,2960.127,29865388400.0
2024-06-25,sh000001,2949.996,2962.765,2971.653,2935.538,27320993800.0
2024-06-26,sh000001,2972.525,2943.447,2976.669,2933.33,28238840900.0
2024-06-27,sh000001,2945.852,2962.696,2963.064,2944.898,27054851900.0
2024-06-28,sh000001,2967.403,2940.303,2985.468,2939.984,31520143200.0
2024-07-01,sh000001,2994.73,2965.245,2996.409,2961.856,29778223500.0
2024-07-02,sh000001,2997.011,2992.856,3004.987,2989.47,28136468300.0
2024-07-03,sh000001,2982.376,2995.664,2998.537,2978.069,24628464200.0
2024-07-04,sh000001,2957.567,2984.83,2995.57,2955.29,27426878900.0
2024-07-05,sh000001,2949.933,2954.372,2957.107,2920.205,27232455600.0
2024-07-08,sh000001,2922.45,2939.837,2947.61,2917.232,27753342400.0
2024-07-09,sh000001,2959.372,2919.573,2963.782,2904.039,31506203100.0
2024-07-10,sh000001,2939.364,2949.026,2958.859,2935.33,30154945600.0
2024-07-11,sh000001,2970.387,2957.25,2971.361,2947.403,32837242400.0
2024-07-12,sh000001,2971.295,2965.612,2977.142,2963.303,30371301400.0
2024-07-15,sh000001,2974.011,2963.847,2977.313,2959.129,26899259700.0
2024-07-16,sh000001,2976.304,2963.9,2977.361,2959.666,26078363000.0
2024-07-17,sh000001,2962.855,2970.808,2972.795,2957.948,28230799100.0
2024-07-18,sh000001,2977.133,2951.143,2978.092,2937.905,27802266500.0
2024-07-19,sh000001,2982.309,2963.514,2986.243,2955.12,28093241300.0
2024-07-22,sh000001,2964.216,2978.193,2978.601,2946.561,27874955900.0
2024-07-23,sh000001,2915.369,2960.5,2960.5,2915.368,29629599400.0
2024-07-24,sh000001,2901.952,2909.152,2922.03,2894.289,30611885300.0
2024-07-25,sh000001,2886.742,2891.892,2897.767,2872.85,27463950000.0
2024-07-26,sh000001,2890.897,2885.995,2899.116,2875.396,27838753600.0
2024-07-29,sh000001,2891.845,2889.473,2898.951,2878.583,25689972700.0
2024-07-30,sh000001,2879.3,2885.215,2885.215,2865.149,26247883700.0
2024-07-31,sh000001,2938.749,2877.541,2940.593,2876.301,41272341700.0
2024-08-01,sh000001,2932.387,2940.12,2947.877,2928.826,34662113700.0
2024-08-02,sh000001,2905.338,2913.02,2931.259,2902.72,31220503900.0
2024-08-05,sh000001,2860.698,2889.363,2919.025,2860.698,35554057200.0
2024-08-06,sh000001,2867.284,2878.651,2888.201,2845.335,29730080300.0
2024-08-07,sh000001,2869.834,2864.01,2886.942,2857.725,26309715000.0
2024-08-08,sh000001,2869.901,2864.758,2886.399,2850.875,28912863200.0
2024-08-09,sh000001,2862.194,2879.873,2887.849,2862.194,28425391600.0
2024-08-12,sh000001,2858.205,2858.895,2869.269,2851.295,24424137100.0
2024-08-13,sh000001,2867.946,2860.41,2867.946,2845.31,23167460100.0
2024-08-14,sh000001,2850.654,2866.243,2866.243,2850.401,21788517000.0
2024-08-15,sh000001,2877.358,2844.201,2889.087,2839.388,27190000000.0
2024-08-16,sh000001,2879.43,2877.94,2888.675,2873.06,26365344100.0
2024-08-19,sh000001,2893.674,2877.954,2905.155,2877.771,26168773000.0
2024-08-20,sh000001,2866.661,2895.551,2896.519,2855.329,26365800200.0
2024-08-21,sh000001,2856.584,2858.939,2863.891,2848.151,22920002700.0
2024-08-22,sh000001,2848.772,2856.2,2861.607,2845.502,24539941500.0
2024-08-23,sh000001,2854.368,2844.77,2860.733,2839.337,22669256500.0
2024-08-26,sh000001,2855.52,2855.474,2860.655,2844.383,22735152300.0
2024-08-27,sh000001,2848.731,2850.877,2853.78,2843.158,23069300600.0
2024-08-28,sh000001,2837.429,2844.327,2852.562,2830.962,22873062300.0
2024-08-29,sh000001,2823.106,2829.451,2831.431,2815.383,27751053400.0
2024-08-30,sh000001,2842.214,2819.65,2867.965,2817.014,39751697500.0
2024-09-02,sh000001,2811.035,2832.35,2839.278,2810.374,34071419300.0
2024-09-03,sh000001,2802.979,2809.173,2814.903,2794.911,27573613900.0
2024-09-04,sh000001,2784.278,2786.505,2800.607,2781.935,25745350000.0
2024-09-05,sh000001,2788.314,2785.264,2796.019,2777.471,24204094800.0
2024-09-06,sh000001,2765.807,2791.765,2804.093,2765.639,25364537500.0
2024-09-09,sh000001,2736.488,2754.724,2756.556,2726.967,26146884700.0
2024-09-10,sh000001,2744.192,2737.881,2750.118,2718.627,26215901500.0
2024-09-11,sh000001,2721.795,2732.731,2732.731,2710.621,24226490000.0
2024-09-12,sh000001,2717.123,2722.138,2734.683,2716.555,24008431500.0
2024-09-13,sh000001,2704.09,2718.986,2728.78,2703.369,25127003800.0
2024-09-18,sh000001,2717.281,2705.345,2724.114,2689.695,24781713200.0
2024-09-19,sh000001,2736.022,2723.205,2747.74,2697.776,31520838900.0
2024-09-20,sh000001,2736.814,2734.228,2741.155,2717.945,28564462700.0
2024-09-23,sh000001,2748.918,2735.39,2760.48,2731.357,25764215400.0
2024-09-24,sh000001,2863.126,2770.754,2863.152,2761.372,47761954500.0
2024-09-25,sh000001,2896.306,2901.419,2952.451,2889.048,56825981600.0
2024-09-26,sh000001,3000.953,2893.745,3000.953,2889.014,57631926100.0
2024-09-27,sh000001,3087.529,3049.103,3087.529,3017.445,49228716300.0
2024-09-30,sh000001,3336.497,3194.722,3358.588,3153.697,110233791700.0
2024-10-08,sh000001,3489.775,3674.405,3674.405,3372.187,131346019500.0
2024-10-09,sh000001,3258.858,3427.22,3437.157,3249.159,99275725600.0
2024-10-10,sh000001,3301.926,3277.692,3379.805,3228.125,83450025700.0
2024-10-11,sh000001,3217.738,3287.873,3297.752,3187.988,60602743300.0
2024-10-14,sh000001,3284.323,3241.428,3294.62,3203.901,63146685900.0
2024-10-15,sh000001,3201.292,3265.746,3285.215,3201.292,56605455800.0
2024-10-16,sh000001,3202.948,3169.169,3236.848,3167.736,51581399700.0
2024-10-17,sh000001,3169.384,3220.733,3241.568,3169.384,52861177200.0
2024-10-18,sh000001,3261.563,3165.975,3313.978,3152.821,69301462300.0
2024-10-21,sh000001,3268.11,3276.06,3300.664,3239.097,66815029900.0
2024-10-22,sh000001,3285.867,3263.822,3294.961,3255.138,57491378100.0
2024-10-23,sh000001,3302.803,3285.247,3331.082,3277.066,65044412800.0
2024-10-24,sh000001,3280.263,3287.824,3292.945,3266.882,51982707400.0
2024-10-25,sh000001,3299.7,3280.762,3319.357,3276.13,59565170700.0
2024-10-28,sh000001,3322.198,3300.463,3322.198,3279.715,67237313100.0
2024-10-29,sh000001,3286.407,3328.089,3340.458,3284.211,72532615400.0
2024-10-30,sh000001,3266.238,3273.642,3291.68,3244.806,66901809000.0
2024-10-31,sh000001,3279.824,3267.975,3295.742,3252.39,78464909400.0
2024-11-01,sh000001,3272.014,3275.577,3305.318,3258.735,85205532000.0
2024-11-04,sh000001,3310.207,3275.679,3310.207,3263.842,66507745400.0
2024-11-05,sh000001,3386.987,3306.81,3386.987,3302.047,82112490200.0
2024-11-06,sh000001,3383.806,3395.222,3420.999,3367.081,89585593000.0
2024-11-07,sh000001,3470.661,3359.985,3470.661,3356.258,95955668000.0
2024-11-08,sh000001,3452.297,3502.133,3509.818,3443.193,96403456200.0
2024-11-11,sh000001,3470.066,3432.367,3471.122,3416.727,81802543600.0
2024-11-12,sh000001,3421.97,3469.891,3489.424,3402.042,81792652400.0
2024-11-13,sh000001,3439.278,3406.916,3442.298,3404.525,67366234800.0
2024-11-14,sh000001,3379.839,3429.505,3441.775,3376.153,63155669000.0
2024-11-15,sh000001,3330.726,3369.809,3391.32,3330.726,63028558300.0
2024-11-18,sh000001,3323.849,3344.69,3386.903,3309.008,74395069200.0
2024-11-19,sh000001,3346.01,3324.883,3346.758,3284.133,62502415100.0
2024-11-20,sh000001,3367.989,3337.678,3375.248,3333.002,56615428900.0
2024-11-21,sh000001,3370.404,3362.944,3378.518,3348.855,53033183000.0
2024-11-22,sh000001,3267.192,3368.043,3372.003,3267.192,63068779000.0
2024-11-25,sh000001,3263.76,3274.884,3285.456,3232.918,53889739000.0
2024-11-26,sh000001,3259.757,3256.858,3285.328,3252.866,47221930400.0
2024-11-27,sh000001,3309.779,3250.591,3309.881,3227.355,51120230300.0
2024-11-28,sh000001,3295.698,3308.28,3319.256,3290.364,51195304700.0
2024-11-29,sh000001,3326.456,3295.21,3357.501,3293.69,58022710200.0
2024-12-02,sh000001,3363.982,3328.482,3369.303,3323.009,66847776200.0
2024-12-03,sh000001,3378.806,3366.285,3386.618,3348.374,66303013900.0
2024-12-04,sh000001,3364.65,3376.572,3388.024,3352.943,62102886200.0
2024-12-05,sh000001,3368.855,3353.057,3377.055,3353.057,54388574600.0
2024-12-06,sh000001,3404.076,3370.941,3418.261,3364.206,69818657200.0
2024-12-09,sh000001,3402.534,3402.629,3426.645,3385.959,69490520500.0
2024-12-10,sh000001,3422.661,3490.289,3494.867,3417.765,79466803400.0
2024-12-11,sh000001,3432.49,3416.087,3437.81,3416.087,68154461000.0
2024-12-12,sh000001,3461.5,3432.279,3464.116,3425.976,70009668900.0
2024-12-13,sh000001,3391.878,3442.926,3442.926,3390.754,77746414400.0
2024-12-16,sh000001,3386.331,3390.083,3401.926,3376.536,62557899600.0
2024-12-17,sh000001,3361.485,3381.814,3396.207,3357.769,56894150500.0
2024-12-18,sh000001,3382.208,3371.296,3396.46,3371.296,51252497900.0
2024-12-19,sh000001,3370.033,3355.904,3377.532,3346.469,51390906300.0
2024-12-20,sh000001,3368.069,3364.481,3390.618,3362.819,49096462100.0
2024-12-23,sh000001,3351.257,3367.904,3384.992,3348.277,55674724800.0
2024-12-24,sh000001,3393.528,3353.535,3394.904,3352.947,47199267300.0
2024-12-25,sh000001,3393.35,3395.107,3406.213,3374.011,47131559200.0
2024-12-26,sh000001,3398.077,3389.338,3401.095,3380.255,42217727100.0
2024-12-27,sh000001,3400.142,3397.294,3418.952,3388.322,50048813000.0
2024-12-30,sh000001,3407.326,3395.396,3412.841,3394.965,45526238300.0
2024-12-31,sh000001,3351.763,3406.965,3413.455,3351.763,50273106200.0
2025-01-02,sh000001,3262.561,3347.939,3351.722,3242.087,56137519900.0
2025-01-03,sh000001,3211.43,3267.077,3273.566,3205.776,51759201400.0
2025-01-06,sh000001,3206.923,3209.783,3219.488,3185.463,43097840300.0
2025-01-07,sh000001,3229.644,3203.307,3230.853,3190.461,40966052900.0
2025-01-08,sh000001,3230.168,3218.858,3246.291,3175.725,47286439000.0
2025-01-09,sh000001,3211.393,3220.721,3228.973,3205.91,38294355700.0
2025-01-10,sh000001,3168.524,3211.707,3220.107,3168.524,40366334800.0
2025-01-13,sh000001,3160.755,3148.826,3172.7,3140.978,37274202300.0
2025-01-14,sh000001,3240.94,3165.161,3245.22,3159.432,46921270400.0
2025-01-15,sh000001,3227.117,3234.715,3245.904,3222.236,40472319900.0
2025-01-16,sh000001,3236.032,3239.026,3265.282,3217.097,43065553900.0
2025-01-17,sh000001,3241.821,3226.762,3256.507,3219.773,38359926000.0
2025-01-20,sh000001,3244.378,3256.149,3268.263,3238.121,40333794800.0
2025-01-21,sh000001,3242.623,3256.833,3258.61,3229.069,38458371800.0
2025-01-22,sh000001,3213.624,3235.493,3235.501,3203.38,36481751800.0
2025-01-23,sh000001,3230.164,3237.599,3273.52,3229.572,45824680300.0
2025-01-24,sh000001,3252.626,3222.877,3260.011,3221.712,39865303300.0
2025-01-27,sh000001,3250.601,3256.614,3274.392,3250.601,38746764200.0
2025-02-05,sh000001,3229.488,3270.16,3271.022,3220.279,40638818100.0
2025-02-06,sh000001,3270.659,3226.575,3271.427,3225.846,46084273000.0
2025-02-07,sh000001,3303.667,3269.227,3324.428,3262.509,60055845100.0
2025-02-10,sh000001,3322.17,3308.04,3325.356,3299.243,54658974900.0
2025-02-11,sh000001,3318.057,3323.669,3324.173,3304.444,51194354100.0
2025-02-12,sh000001,3346.385,3312.257,3346.385,3310.39,51343782800.0
2025-02-13,sh000001,3332.483,3343.235,3359.181,3332.483,56863116100.0
2025-02-14,sh000001,3346.724,3328.483,3349.084,3322.529,53233296500.0
2025-02-17,sh000001,3355.83,3355.417,3357.121,3333.195,58954656900.0
2025-02-18,sh000001,3324.491,3348.983,3366.012,3314.301,56267924000.0
2025-02-19,sh000001,3351.539,3320.78,3352.087,3320.581,50291296500.0
2025-02-20,sh000001,3350.783,3347.589,3355.557,3338.034,50435711400.0
2025-02-21,sh000001,3379.113,3356.695,3381.058,3339.026,60819020600.0
2025-02-24,sh000001,3373.028,3374.081,3384.811,3355.869,59818820300.0
2025-02-25,sh000001,3346.04,3345.653,3369.558,3337.845,52757856200.0
2025-02-26,sh000001,3380.214,3351.209,3380.214,3351.209,55399203100.0
2025-02-27,sh000001,3388.062,3378.449,3388.781,3353.571,57581502000.0
2025-02-28,sh000001,3320.897,3374.664,3383.191,3318.716,56831950400.0
2025-03-03,sh000001,3316.925,3328.396,3349.017,3304.593,50241786200.0
2025-03-04,sh000001,3324.21,3300.498,3327.824,3297.53,42999611100.0
2025-03-05,sh000001,3341.965,3324.696,3342.714,3314.148,46095269600.0
2025-03-06,sh000001,3381.098,3353.57,3387.054,3348.684,53999270900.0
2025-03-07,sh000001,3372.546,3373.181,3390.944,3363.929,51766355100.0
2025-03-10,sh000001,3366.163,3373.259,3375.798,3347.186,45038083200.0
2025-03-11,sh000001,3379.828,3335.439,3379.829,3334.831,44846832300.0
2025-03-12,sh000001,3371.924,3385.685,3392.409,3370.22,50219510000.0
2025-03-13,sh000001,3358.729,3371.095,3377.118,3341.118,51901347900.0
2025-03-14,sh000001,3419.562,3361.686,3421.233,3360.606,58266338800.0
2025-03-17,sh000001,3426.129,3430.809,3436.352,3422.462,51568513800.0
2025-03-18,sh000001,3429.759,3434.565,3437.065,3423.301,45491606300.0
2025-03-19,sh000001,3426.429,3424.173,3439.046,3414.593,44031629900.0
2025-03-20,sh000001,3408.948,3425.216,3427.045,3404.662,45163068200.0
2025-03-21,sh000001,3364.831,3401.759,3414.709,3355.84,52086263000.0
2025-03-24,sh000001,3370.028,3364.834,3373.694,3340.238,51331026000.0
2025-03-25,sh000001,3369.976,3370.001,3379.988,3361.046,45635739300.0
2025-03-26,sh000001,3368.697,3365.666,3382.342,3365.666,42853377000.0
2025-03-27,sh000001,3373.749,3362.712,3394.035,3351.174,41477631400.0
2025-03-28,sh000001,3351.307,3372.039,3375.053,3346.081,41228428900.0
2025-03-31,sh000001,3335.746,3343.344,3361.742,3317.738,47257197800.0
2025-04-01,sh000001,3348.435,3340.712,3357.622,3338.779,42258867000.0
2025-04-02,sh000001,3350.127,3344.171,3361.134,3343.116,35012736400.0
2025-04-03,sh000001,3342.008,3319.606,3358.426,3319.606,40051782700.0
2025-04-07,sh000001,3096.576,3193.102,3217.782,3040.693,66219958400.0
2025-04-08,sh000001,3145.549,3094.262,3145.549,3085.123,66224238700.0
2025-04-09,sh000001,3186.81,3110.01,3186.81,3070.078,68479717400.0
2025-04-10,sh000001,3223.638,3227.836,3239.941,3201.571,59120827300.0
2025-04-11,sh000001,3238.227,3219.505,3249.854,3211.35,47553180400.0
2025-04-14,sh000001,3262.808,3251.978,3272.72,3244.733,47137322000.0
2025-04-15,sh000001,3267.662,3260.685,3268.985,3246.337,39666289500.0
2025-04-16,sh000001,3276.004,3267.665,3276.005,3233.791,42953485400.0
2025-04-17,sh000001,3280.341,3261.718,3285.915,3258.145,38201269800.0
2025-04-18,sh000001,3276.73,3270.353,3283.09,3262.392,35883619300.0
2025-04-21,sh000001,3291.434,3273.138,3298.64,3270.013,37930758800.0
2025-04-22,sh000001,3299.757,3289.166,3311.153,3288.332,40316761500.0
2025-04-23,sh000001,3296.355,3308.151,3312.192,3293.063,41163321200.0
2025-04-24,sh000001,3297.288,3295.149,3313.509,3286.236,39284474900.0
2025-04-25,sh000001,3295.06,3300.392,3305.262,3288.755,41104319200.0
2025-04-28,sh000001,3288.415,3292.056,3296.932,3279.877,41066586300.0
2025-04-29,sh000001,3286.655,3281.445,3294.982,3277.627,38896167200.0
2025-04-30,sh000001,3279.031,3284.081,3292.2,3277.55,43579433500.0
2025-05-06,sh000001,3316.114,3295.25,3316.448,3286.989,47436961700.0
2025-05-07,sh000001,3342.665,3354.974,3356.688,3324.809,51115960600.0
2025-05-08,sh000001,3351.996,3331.205,3359.731,3327.902,42837776600.0
2025-05-09,sh000001,3341.999,3350.405,3351.22,3335.127,39890919100.0
2025-05-12,sh000001,3369.245,3352.97,3372.472,3344.269,41823991000.0
2025-05-13,sh000001,3374.871,3386.234,3386.234,3370.252,42624070000.0
2025-05-14,sh000001,3403.948,3374.235,3417.314,3368.078,46493444100.0
2025-05-15,sh000001,3380.821,3398.427,3402.866,3378.021,42410091600.0
2025-05-16,sh000001,3367.462,3374.706,3380.29,3356.661,39540103000.0
2025-05-19,sh000001,3367.583,3365.882,3373.599,3356.648,40307480500.0
2025-05-20,sh000001,3380.478,3371.689,3387.804,3369.963,40554453400.0
2025-05-21,sh000001,3387.574,3380.209,3394.754,3380.209,41249616500.0
2025-05-22,sh000001,3380.189,3381.865,3390.593,3376.233,39421720600.0
2025-05-23,sh000001,3348.372,3376.869,3389.469,3348.372,40022700400.0
2025-05-26,sh000001,3346.839,3346.561,3362.307,3336.355,34756210100.0
2025-05-27,sh000001,3340.687,3346.503,3351.572,3332.49,34407115700.0
2025-05-28,sh000001,3339.932,3341.852,3348.234,3336.727,34155544300.0
2025-05-29,sh000001,3363.446,3340.401,3368.633,3337.415,39323380600.0
2025-05-30,sh000001,3347.487,3358.809,3361.275,3341.648,38560217000.0
2025-06-03,sh000001,3361.976,3340.067,3366.997,3340.067,39806077200.0
2025-06-04,sh000001,3376.203,3363.391,3379.64,3363.391,38649464300.0
2025-06-05,sh000001,3384.099,3378.217,3387.765,3371.146,40625209300.0
2025-06-06,sh000001,3385.358,3384.295,3391.451,3379.764,38012288600.0
2025-06-09,sh000001,3399.772,3388.778,3402.05,3383.074,42734794700.0
2025-06-10,sh000001,3384.816,3402.013,3406.452,3365.667,48161856800.0
2025-06-11,sh000001,3402.316,3385.457,3413.513,3385.457,42409031300.0
2025-06-12,sh000001,3402.658,3397.972,3408.205,3388.866,40949061000.0
2025-06-13,sh000001,3376.996,3397.484,3401.553,3370.592,51006522100.0
2025-06-16,sh000001,3388.729,3369.366,3389.756,3368.876,40538327800.0
2025-06-17,sh000001,3387.405,3388.18,3393.313,3376.42,39001244700.0
2025-06-18,sh000001,3388.809,3386.136,3391.709,3369.986,37868489100.0
2025-06-19,sh000001,3362.108,3384.293,3386.919,3353.936,41532765500.0
2025-06-20,sh000001,3359.895,3358.913,3370.798,3357.706,35022366200.0
2025-06-23,sh000001,3381.582,3349.46,3389.452,3347.651,38456139700.0
2025-06-24,sh000001,3420.566,3380.08,3423.784,3380.08,46096380000.0
2025-06-25,sh000001,3455.974,3419.091,3459.009,3417.411,50938406400.0
2025-06-26,sh000001,3448.453,3451.719,3462.752,3446.186,49654107700.0
2025-06-27,sh000001,3424.227,3450.686,3462.627,3421.04,52312943200.0
2025-06-30,sh000001,3444.426,3423.474,3447.46,3420.112,45734804900.0
2025-07-01,sh000001,3457.747,3445.846,3459.587,3441.038,44435673900.0
2025-07-02,sh000001,3454.792,3458.171,3461.328,3447.956,49811677600.0
2025-07-03,sh000001,3461.151,3456.152,3463.62,3446.974,43854346500.0
2025-07-04,sh000001,3472.319,3459.592,3497.225,3455.494,50019521000.0
2025-07-07,sh000001,3473.127,3467.985,3474.801,3462.792,43663134000.0
2025-07-08,sh000001,3497.475,3474.632,3499.886,3474.632,49348477300.0
2025-07-09,sh000001,3493.05,3498.724,3512.669,3491.201,52392008800.0
2025-07-10,sh000001,3509.682,3491.497,3526.59,3491.497,56415980500.0
2025-07-11,sh000001,3510.177,3511.366,3555.218,3506.799,66418524900.0
2025-07-14,sh000001,3519.65,3513.252,3532.118,3513.252,57208470500.0
2025-07-15,sh000001,3504.999,3519.805,3527.038,3483.38,57207472600.0
2025-07-16,sh000001,3503.777,3502.899,3511.806,3489.137,47087857800.0
2025-07-17,sh000001,3516.826,3500.372,3517.285,3499.186,47221105600.0
2025-07-18,sh000001,3534.483,3519.475,3536.014,3518.231,49348408800.0
2025-07-21,sh000001,3559.791,3542.816,3560.629,3542.568,63364973600.0
2025-07-22,sh000001,3581.861,3561.632,3584.719,3547.252,71615523000.0
2025-07-23,sh000001,3582.298,3588.878,3613.022,3577.594,76767238800.0
2025-07-24,sh000001,3605.727,3578.912,3608.728,3577.113,77326583500.0
2025-07-25,sh000001,3593.655,3604.451,3610.029,3586.22,69718954900.0
2025-07-28,sh000001,3597.937,3594.231,3606.274,3582.149,59418787700.0
2025-07-29,sh000001,3609.711,3595.81,3611.353,3585.944,61064205800.0
2025-07-30,sh000001,3615.717,3608.354,3636.166,3593.734,63722191600.0
2025-07-31,sh000001,3573.208,3604.696,3606.374,3562.607,65450934900.0
2025-08-01,sh000001,3559.952,3568.261,3581.746,3550.043,50956308000.0
2025-08-04,sh000001,3583.309,3547.163,3583.309,3547.163,45857361800.0
2025-08-05,sh000001,3617.598,3588.808,3617.598,3586.969,49979778000.0
2025-08-06,sh000001,3633.995,3615.808,3634.314,3613.989,51246727300.0
2025-08-07,sh000001,3639.667,3637.781,3645.117,3622.522,53550120200.0
2025-08-08,sh000001,3635.128,3634.855,3645.367,3625.451,52640757200.0
2025-08-11,sh000001,3647.547,3637.053,3656.852,3629.627,55139334800.0
2025-08-12,sh000001,3665.918,3647.963,3669.038,3647.963,53662373900.0
2025-08-13,sh000001,3683.465,3668.658,3688.628,3666.547,61352888400.0
2025-08-14,sh000001,3666.443,3685.522,3704.772,3662.57,64782958700.0
2025-08-15,sh000001,3696.771,3659.815,3702.255,3658.376,67852170300.0
2025-08-18,sh000001,3728.027,3712.495,3745.939,3702.38,77601666900.0
2025-08-19,sh000001,3727.288,3728.485,3746.669,3718.147,69609975000.0
2025-08-20,sh000001,3766.21,3716.685,3767.43,3704.991,67983642600.0
2025-08-21,sh000001,3771.099,3770.676,3787.981,3757.992,69155295900.0
2025-08-22,sh000001,3825.759,3772.277,3825.759,3772.277,69813627700.0
2025-08-25,sh000001,3883.562,3848.163,3883.562,3839.972,88547480200.0
2025-08-26,sh000001,3868.382,3871.471,3888.599,3859.758,73456530500.0
2025-08-27,sh000001,3800.35,3869.612,3887.198,3800.35,85863349900.0
2025-08-28,sh000001,3843.597,3796.711,3845.087,3761.422,78835194700.0
2025-08-29,sh000001,3857.927,3842.823,3867.606,3839.206,73946236600.0
2025-09-01,sh000001,3875.53,3869.746,3879.045,3853.658,74770953600.0
2025-09-02,sh000001,3858.133,3877.086,3885.315,3828.678,76261883300.0
2025-09-03,sh000001,3813.557,3865.286,3868.388,3794.884,64566851000.0
2025-09-04,sh000001,3765.876,3807.757,3808.396,3732.84,71022793300.0
2025-09-05,sh000001,3812.514,3761.88,3817.159,3745.309,62622338000.0
2025-09-08,sh000001,3826.841,3811.669,3833.143,3803.603,66006689800.0
2025-09-09,sh000001,3807.292,3816.657,3834.671,3791.724,60023938000.0
2025-09-10,sh000001,3812.221,3806.584,3826.996,3794.057,53453982500.0
2025-09-11,sh000001,3875.309,3806.056,3875.309,3796.435,61701293000.0
2025-09-12,sh000001,3870.598,3875.507,3892.738,3866.539,70064178400.0
2025-09-15,sh000001,3860.504,3876.097,3879.737,3855.973,64479394400.0
2025-09-16,sh000001,3861.865,3865.98,3876.69,3838.648,67343972300.0
2025-09-17,sh000001,3876.341,3854.073,3882.669,3848.946,66343471300.0
2025-09-18,sh000001,3831.656,3876.059,3899.959,3800.995,87602738900.0
2025-09-19,sh000001,3820.089,3830.444,3843.17,3811.903,68229261300.0
2025-09-22,sh000001,3828.576,3822.01,3831.74,3806.202,56832568600.0
2025-09-23,sh000001,3821.833,3830.138,3838.606,3774.528,70190286800.0
2025-09-24,sh000001,3853.642,3804.483,3854.923,3804.328,60205667000.0
2025-09-25,sh000001,3853.302,3852.431,3866.106,3840.459,58995053100.0
2025-09-26,sh000001,3828.106,3839.855,3856.606,3828.106,55127533500.0
2025-09-29,sh000001,3862.532,3828.166,3881.002,3809.535,60846639900.0
2025-09-30,sh000001,3882.777,3869.705,3887.57,3866.281,56973463100.0
2025-10-09,sh000001,3933.972,3898.307,3936.576,3885.744,72521850100.0
2025-10-10,sh000001,3897.028,3915.475,3933.005,3886.305,71891767300.0
2025-10-13,sh000001,3889.502,3800.106,3895.83,3800.106,70950610100.0
2025-10-14,sh000001,3865.229,3910.783,3918.436,3851.121,80083963100.0
2025-10-15,sh000001,3912.21,3867.536,3912.291,3857.667,64501295500.0
2025-10-16,sh000001,3916.228,3900.683,3931.05,3899.167,59545149100.0
2025-10-17,sh000001,3839.755,3912.04,3921.065,3835.365,61756301800.0
2025-10-20,sh000001,3863.893,3865.552,3877.722,3850.367,54926171200.0
2025-10-21,sh000001,3916.332,3870.749,3919.318,3868.145,59941571300.0
2025-10-22,sh000001,3913.758,3896.074,3918.592,3893.325,54311734400.0
2025-10-23,sh000001,3922.41,3904.159,3926.217,3877.529,56518926400.0
2025-10-24,sh000001,3950.312,3929.115,3950.312,3928.96,56785844300.0
2025-10-27,sh000001,3996.945,3969.22,3999.067,3963.102,63758954500.0
2025-10-28,sh000001,3988.224,3986.891,4010.728,3976.833,57735768400.0
2025-10-29,sh000001,4016.331,3990.266,4016.331,3986.941,61291746600.0
2025-10-30,sh000001,3986.901,4007.821,4025.705,3984.828,66848560900.0
2025-10-31,sh000001,3954.79,3985.064,3986.743,3951.731,67561540600.0
2025-11-03,sh000001,3976.521,3954.078,3977.305,3937.022,64124594500.0
2025-11-04,sh000001,3960.186,3973.458,3985.882,3938.52,61549379200.0
2025-11-05,sh000001,3969.248,3922.584,3979.754,3922.584,61499161800.0
2025-11-06,sh000001,4007.76,3973.349,4008.799,3973.349,62736754700.0
2025-11-07,sh000001,3997.556,3994.317,4012.005,3993.691,59650703400.0
2025-11-10,sh000001,4018.597,4001.794,4018.696,3990.836,63404999300.0
2025-11-11,sh000001,4002.758,4023.877,4024.939,3991.516,58199492100.0
2025-11-12,sh000001,4000.14,3996.565,4020.378,3980.676,58619322800.0
2025-11-13,sh000001,4029.501,3996.514,4030.398,3994.771,61303106100.0
2025-11-14,sh000001,3990.492,4007.126,4034.079,3990.307,62201711800.0
2025-11-17,sh000001,3972.035,3988.556,3992.404,3958.948,59201795000.0
2025-11-18,sh000001,3939.813,3962.444,3966.885,3926.589,59441104600.0
2025-11-19,sh000001,3946.742,3937.92,3960.052,3930.075,53114960100.0
2025-11-20,sh000001,3931.051,3960.699,3967.971,3927.512,53474954000.0
2025-11-21,sh000001,3834.891,3896.665,3912.006,3834.749,63164625100.0
2025-11-24,sh000001,3836.766,3848.657,3854.331,3816.576,50460171600.0
2025-11-25,sh000001,3870.023,3850.571,3882.03,3845.138,47872761100.0
2025-11-26,sh000001,3864.184,3867.429,3879.923,3861.177,45758975500.0
2025-11-27,sh000001,3875.259,3867.197,3895.589,3864.131,44402194700.0
2025-11-28,sh000001,3888.596,3870.944,3888.889,3856.25,44993197300.0
2025-12-01,sh000001,3914.006,3894.213,3914.464,3890.949,53755413300.0
2025-12-02,sh000001,3897.712,3908.456,3908.769,3888.328,45558449400.0
2025-12-03,sh000001,3878.0,3894.156,3901.696,3869.953,48561727000.0
2025-12-04,sh000001,3875.793,3879.742,3888.86,3859.049,44504029000.0
2025-12-05,sh000001,3902.808,3873.121,3907.782,3863.314,50036876800.0
2025-12-08,sh000001,3924.078,3909.226,3936.311,3904.738,54734978900.0
2025-12-09,sh000001,3909.522,3916.509,3923.899,3902.128,52453825600.0
2025-12-10,sh000001,3900.496,3901.128,3906.116,3876.475,49733150400.0
2025-12-11,sh000001,3873.318,3903.895,3904.963,3862.821,52565860000.0
2025-12-12,sh000001,3889.346,3869.413,3891.807,3850.597,57394713000.0
2025-12-15,sh000001,3867.921,3865.402,3896.977,3863.63,50092279000.0
2025-12-16,sh000001,3824.812,3861.515,3862.427,3815.844,51249482700.0
2025-12-17,sh000001,3870.278,3822.509,3881.752,3817.996,51231369200.0
2025-12-18,sh000001,3876.371,3857.257,3888.285,3856.423,46117262500.0
2025-12-19,sh000001,3890.448,3878.227,3902.671,3871.777,51351189300.0
2025-12-22,sh000001,3917.364,3900.535,3920.012,3900.515,52293899200.0
2025-12-23,sh000001,3919.979,3919.106,3937.127,3910.745,52115695200.0
2025-12-24,sh000001,3940.947,3920.347,3947.041,3912.311,47489644700.0
2025-12-25,sh000001,3959.621,3937.72,3964.073,3936.078,46931309300.0
2025-12-26,sh000001,3963.679,3957.833,3977.706,3945.524,55548959200.0
2025-12-29,sh000001,3965.28,3964.651,3983.979,3956.946,56368719700.0
2025-12-30,sh000001,3965.116,3947.871,3979.99,3947.419,52593258800.0
2025-12-31,sh000001,3968.84,3968.726,3977.536,3955.487,49075149000.0
2026-01-05,sh000001,4023.417,3986.972,4025.263,3983.576,59695045500.0
2026-01-06,sh000001,4083.667,4026.016,4083.667,4025.088,70247227000.0
2026-01-07,sh000001,4085.772,4083.843,4098.777,4069.436,68338435200.0
2026-01-08,sh000001,4082.979,4077.715,4093.872,4067.122,66613133700.0
2026-01-09,sh000001,4120.426,4086.762,4121.723,4083.616,72983798500.0
2026-01-12,sh000001,4165.287,4134.893,4168.357,4119.879,83945608900.0
2026-01-13,sh000001,4138.759,4169.704,4179.702,4126.234,86838271700.0
2026-01-14,sh000001,4126.093,4138.645,4190.866,4103.621,95255128900.0
2026-01-15,sh000001,4112.601,4106.224,4133.073,4096.85,68025079100.0
2026-01-16,sh000001,4101.913,4127.063,4140.225,4091.811,76358846500.0
2026-01-19,sh000001,4114.0,4090.719,4126.518,4090.057,68890587000.0
2026-01-20,sh000001,4113.649,4116.366,4128.93,4080.294,73436249600.0
2026-01-21,sh000001,4116.94,4103.529,4135.959,4103.529,66698950700.0
2026-01-22,sh000001,4122.576,4126.072,4140.838,4109.923,70969540900.0
2026-01-23,sh000001,4136.164,4130.108,4143.75,4120.204,78211545400.0
2026-01-26,sh000001,4132.605,4144.778,4160.985,4124.7,88743973100.0
2026-01-27,sh000001,4139.904,4125.216,4158.802,4101.83,75499086900.0
2026-01-28,sh000001,4151.238,4150.215,4170.147,4138.019,82302674800.0
2026-01-29,sh000001,4157.985,4155.919,4170.214,4138.299,90590837100.0
2026-01-30,sh000001,4117.948,4131.993,4152.85,4064.777,80434274600.0
2026-02-02,sh000001,4015.746,4079.708,4103.407,4013.656,73295369800.0
2026-02-03,sh000001,4067.738,4043.906,4069.418,4002.782,63768424900.0
2026-02-04,sh000001,4102.202,4064.677,4104.621,4062.683,67425424400.0
2026-02-05,sh000001,4075.917,4075.025,4088.904,4048.939,59672223600.0
2026-02-06,sh000001,4065.583,4040.299,4095.03,4029.973,55670980100.0
2026-02-09,sh000001,4123.09,4103.54,4123.159,4093.056,57263258200.0
2026-02-10,sh000001,4128.373,4127.766,4134.338,4117.564,52462096900.0
2026-02-11,sh000001,4131.985,4124.428,4142.561,4122.428,50068527800.0
2026-02-12,sh000001,4134.018,4136.99,4140.593,4124.131,52937011600.0
2026-02-13,sh000001,4082.073,4115.924,4123.844,4079.77,50079947200.0
2026-02-24,sh000001,4117.409,4129.134,4131.55,4105.937,56632224900.0
