date,O/N,1W,2W,1M,3M,6M,9M,1Y
2023-02-27,1.817,2.177,2.527,2.287,2.423,2.535,2.621,2.692
2023-02-28,2.083,2.352,2.661,2.292,2.437,2.55,2.629,2.704
2023-03-01,2.087,2.09,2.104,2.294,2.45,2.559,2.636,2.711
2023-03-02,1.62,1.993,1.956,2.294,2.459,2.567,2.642,2.718
2023-03-03,1.291,1.931,1.927,2.295,2.466,2.574,2.647,2.725
2023-03-06,1.231,1.816,1.878,2.299,2.469,2.578,2.65,2.732
2023-03-07,1.436,1.873,2.022,2.314,2.476,2.584,2.654,2.738
2023-03-08,1.648,1.915,2.017,2.333,2.486,2.588,2.659,2.745
2023-03-09,1.373,1.921,1.9655,2.35,2.491,2.594,2.667,2.75
2023-03-10,1.829,2.013,2.08,2.364,2.497,2.596,2.67,2.75
2023-03-13,1.614,1.959,2.009,2.371,2.498,2.598,2.671,2.749
2023-03-14,1.829,2.055,2.066,2.378,2.499,2.598,2.672,2.746
2023-03-15,2.109,2.089,2.18,2.384,2.5,2.598,2.673,2.745
2023-03-16,2.294,2.177,2.234,2.39,2.5,2.6,2.669,2.744
2023-03-17,2.262,2.086,2.262,2.397,2.5,2.598,2.664,2.74
2023-03-20,2.273,2.163,2.359,2.397,2.492,2.582,2.646,2.723
2023-03-21,2.459,2.198,2.461,2.398,2.487,2.566,2.63,2.699
2023-03-22,2.024,2.078,2.26,2.396,2.479,2.557,2.621,2.687
2023-03-23,1.558,1.937,2.489,2.399,2.476,2.554,2.614,2.683
2023-03-24,1.288,1.703,2.55,2.399,2.473,2.548,2.606,2.678
2023-03-27,1.106,2.117,2.545,2.4,2.468,2.547,2.606,2.676
2023-03-28,1.121,2.028,2.613,2.402,2.464,2.544,2.604,2.674
2023-03-29,0.901,2.157,2.656,2.4,2.456,2.542,2.601,2.671
2023-03-30,0.836,2.144,2.585,2.4,2.454,2.541,2.6,2.667
2023-03-31,1.838,2.215,2.622,2.4,2.448,2.539,2.599,2.666
2023-04-03,1.354,1.924,1.985,2.364,2.429,2.522,2.593,2.66
2023-04-04,1.103,1.87,1.897,2.343,2.423,2.516,2.587,2.654
2023-04-06,1.34,1.978,1.946,2.33,2.414,2.511,2.586,2.648
2023-04-07,1.374,1.997,2.046,2.322,2.41,2.507,2.586,2.649
2023-04-10,1.324,2.004,2.057,2.313,2.414,2.508,2.587,2.65
2023-04-11,1.421,1.985,2.114,2.312,2.415,2.508,2.587,2.65
2023-04-12,1.39,1.997,2.045,2.311,2.418,2.509,2.587,2.65
2023-04-13,1.326,1.998,2.012,2.307,2.421,2.509,2.588,2.65
2023-04-14,1.605,2.0,2.015,2.306,2.422,2.508,2.588,2.65
2023-04-17,1.818,2.048,2.069,2.308,2.424,2.509,2.589,2.649
2023-04-18,2.047,2.078,2.286,2.31,2.426,2.511,2.59,2.65
2023-04-19,2.13,2.097,2.285,2.31,2.432,2.512,2.59,2.65
2023-04-20,2.207,2.101,2.331,2.309,2.429,2.507,2.589,2.649
2023-04-21,2.272,2.199,2.412,2.31,2.429,2.507,2.589,2.649
2023-04-23,1.806,2.096,2.401,2.312,2.429,2.507,2.59,2.649
2023-04-24,1.599,2.117,2.41,2.312,2.43,2.506,2.59,2.649
2023-04-25,1.683,2.022,2.397,2.312,2.43,2.507,2.59,2.649
2023-04-26,1.217,2.062,2.375,2.31,2.43,2.507,2.59,2.649
2023-04-27,0.868,2.211,2.35,2.309,2.43,2.506,2.589,2.648
2023-04-28,2.134,2.3,2.455,2.309,2.428,2.506,2.587,2.645
2023-05-04,1.658,1.963,1.979,2.294,2.414,2.501,2.582,2.636
2023-05-05,1.234,1.815,1.92,2.277,2.401,2.491,2.564,2.618
2023-05-06,1.095,1.745,1.764,2.259,2.393,2.481,2.548,2.603
2023-05-08,1.408,1.795,1.793,2.248,2.386,2.47,2.54,2.596
2023-05-09,1.239,1.825,1.813,2.235,2.377,2.462,2.529,2.583
2023-05-10,1.11,1.902,1.861,2.228,2.363,2.452,2.521,2.569
2023-05-11,1.102,1.803,1.818,2.212,2.349,2.439,2.502,2.548
2023-05-12,1.32,1.829,1.846,2.199,2.325,2.427,2.487,2.524
2023-05-15,1.523,1.874,1.909,2.189,2.311,2.419,2.474,2.508
2023-05-16,1.476,1.766,1.822,2.18,2.294,2.41,2.462,2.496
2023-05-17,1.54,1.844,1.87,2.16,2.288,2.403,2.454,2.49
2023-05-18,1.463,1.76,1.948,2.136,2.278,2.392,2.447,2.49
2023-05-19,1.408,1.91,2.062,2.131,2.269,2.39,2.445,2.489
2023-05-22,1.276,1.897,2.1,2.124,2.262,2.379,2.442,2.489
2023-05-23,1.224,1.824,2.065,2.117,2.255,2.372,2.438,2.484
2023-05-24,1.271,1.762,2.05,2.113,2.252,2.366,2.438,2.481
2023-05-25,1.578,1.908,2.05,2.111,2.243,2.364,2.436,2.478
2023-05-26,1.438,1.992,2.096,2.108,2.238,2.358,2.434,2.478
2023-05-29,1.37,1.937,2.051,2.104,2.233,2.355,2.425,2.474
2023-05-30,1.296,1.993,2.052,2.098,2.223,2.346,2.417,2.468
2023-05-31,1.716,2.058,2.056,2.093,2.219,2.343,2.409,2.464
2023-06-01,1.74,1.848,1.86,2.083,2.213,2.33,2.397,2.453
2023-06-02,1.307,1.814,1.87,2.068,2.199,2.307,2.379,2.435
2023-06-05,1.23,1.847,1.85,2.063,2.193,2.297,2.369,2.427
2023-06-06,1.275,1.767,1.827,2.056,2.186,2.291,2.365,2.422
2023-06-07,1.404,1.855,1.776,2.049,2.181,2.284,2.354,2.414
2023-06-08,1.339,1.85,1.746,2.043,2.177,2.277,2.348,2.409
2023-06-09,1.251,1.826,1.739,2.031,2.161,2.266,2.338,2.404
2023-06-12,1.289,1.83,1.735,2.024,2.148,2.257,2.33,2.397
2023-06-13,1.673,1.84,1.847,2.013,2.134,2.243,2.318,2.381
2023-06-14,1.321,1.846,1.805,2.008,2.12,2.229,2.298,2.363
2023-06-15,1.43,1.839,1.844,2.003,2.106,2.22,2.285,2.346
2023-06-16,1.92,1.925,1.857,2.004,2.105,2.215,2.285,2.348
2023-06-19,2.228,1.984,2.011,2.021,2.114,2.214,2.295,2.354
2023-06-20,1.989,2.043,2.201,2.046,2.126,2.213,2.301,2.357
2023-06-21,1.844,2.009,2.229,2.061,2.135,2.211,2.304,2.36
2023-06-25,1.413,1.95,2.18,2.074,2.144,2.214,2.305,2.36
2023-06-26,1.15,1.867,2.315,2.078,2.148,2.219,2.312,2.366
2023-06-27,1.112,1.851,2.315,2.088,2.155,2.228,2.317,2.374
2023-06-28,1.107,1.867,2.302,2.096,2.161,2.236,2.322,2.376
2023-06-29,1.086,1.884,2.223,2.098,2.167,2.243,2.326,2.38
2023-06-30,1.484,2.063,2.18,2.099,2.168,2.242,2.325,2.379
2023-07-03,1.056,1.795,1.907,2.098,2.165,2.24,2.326,2.377
2023-07-04,1.188,1.758,1.757,2.094,2.164,2.239,2.326,2.377
2023-07-05,1.117,1.808,1.72,2.09,2.158,2.237,2.323,2.375
2023-07-06,1.048,1.763,1.8,2.086,2.147,2.228,2.313,2.368
2023-07-07,1.104,1.779,1.752,2.084,2.138,2.221,2.307,2.36
2023-07-10,1.154,1.726,1.73,2.078,2.128,2.215,2.304,2.352
2023-07-11,1.183,1.744,1.756,2.078,2.118,2.212,2.299,2.349
2023-07-12,1.235,1.781,1.764,2.077,2.109,2.208,2.296,2.345
2023-07-13,1.439,1.782,1.795,2.078,2.107,2.206,2.293,2.341
2023-07-14,1.332,1.806,1.886,2.068,2.101,2.205,2.289,2.342
2023-07-17,1.312,1.86,1.88,2.069,2.1,2.207,2.288,2.341
2023-07-18,1.531,1.892,1.979,2.07,2.1,2.207,2.286,2.34
2023-07-19,1.65,1.872,1.982,2.068,2.1,2.207,2.286,2.34
2023-07-20,1.558,1.832,1.979,2.068,2.1,2.206,2.286,2.34
2023-07-21,1.531,1.826,1.991,2.068,2.1,2.205,2.286,2.339
2023-07-24,1.534,1.808,1.985,2.0673,2.1,2.202,2.285,2.338
2023-07-25,1.516,1.843,1.988,2.066,2.1,2.201,2.284,2.338
2023-07-26,1.459,1.853,2.035,2.066,2.099,2.199,2.282,2.338
2023-07-27,1.396,1.818,1.979,2.066,2.098,2.199,2.28,2.338
2023-07-28,1.473,1.826,2.018,2.066,2.098,2.199,2.28,2.337
2023-07-31,1.847,1.963,2.0,2.065,2.097,2.198,2.28,2.337
2023-08-01,1.558,1.806,1.796,2.056,2.098,2.198,2.28,2.337
2023-08-02,1.301,1.777,1.765,2.045,2.098,2.196,2.278,2.335
2023-08-03,1.083,1.671,1.743,2.025,2.092,2.193,2.275,2.331
2023-08-04,1.141,1.64,1.666,2.004,2.085,2.187,2.271,2.325
2023-08-07,1.518,1.737,1.703,1.988,2.08,2.183,2.265,2.322
2023-08-08,1.361,1.775,1.727,1.968,2.075,2.177,2.258,2.316
2023-08-09,1.541,1.782,1.789,1.952,2.074,2.174,2.255,2.314
2023-08-10,1.34,1.758,1.774,1.941,2.067,2.169,2.252,2.308
2023-08-11,1.331,1.777,1.77,1.921,2.065,2.166,2.248,2.306
2023-08-14,1.684,1.832,1.761,1.908,2.063,2.164,2.243,2.304
2023-08-15,1.77,1.886,1.854,1.885,2.045,2.147,2.225,2.29
2023-08-16,1.833,1.831,1.838,1.876,2.04,2.139,2.22,2.285
2023-08-17,1.842,1.868,1.871,1.874,2.03,2.132,2.214,2.28
2023-08-18,1.946,1.886,1.999,1.863,2.026,2.125,2.208,2.273
2023-08-21,1.937,1.875,2.004,1.857,2.024,2.123,2.206,2.268
2023-08-22,1.818,1.824,1.913,1.855,2.019,2.119,2.205,2.263
2023-08-23,1.738,1.81,1.979,1.855,2.016,2.118,2.204,2.258
2023-08-24,1.569,1.795,1.965,1.854,2.016,2.118,2.2,2.256
2023-08-25,1.819,1.896,2.002,1.851,2.014,2.119,2.2,2.257
2023-08-28,1.91,2.056,2.007,1.869,2.02,2.13,2.207,2.262
2023-08-29,1.973,2.091,2.138,1.88,2.028,2.139,2.22,2.27
2023-08-30,1.911,2.235,2.215,1.902,2.036,2.145,2.227,2.276
2023-08-31,1.865,2.103,2.223,1.913,2.043,2.15,2.234,2.28
2023-09-01,1.677,1.814,1.851,1.91,2.044,2.151,2.236,2.283
2023-09-04,1.528,1.728,1.766,1.911,2.044,2.151,2.239,2.285
2023-09-05,1.39,1.733,1.789,1.911,2.046,2.151,2.24,2.287
2023-09-06,1.493,1.795,1.837,1.914,2.052,2.153,2.242,2.295
2023-09-07,1.84,1.904,2.027,1.93,2.067,2.17,2.252,2.304
2023-09-08,1.893,1.835,2.049,1.945,2.081,2.181,2.261,2.309
2023-09-11,1.906,1.955,2.048,1.968,2.094,2.19,2.27,2.321
2023-09-12,1.834,1.931,2.105,1.999,2.104,2.203,2.278,2.331
2023-09-13,1.524,1.874,2.1,2.027,2.117,2.211,2.285,2.339
2023-09-14,1.766,1.917,2.043,2.056,2.144,2.223,2.294,2.347
2023-09-15,1.763,1.9,1.934,2.083,2.165,2.239,2.305,2.361
2023-09-18,1.912,1.891,2.053,2.11,2.194,2.258,2.323,2.374
2023-09-19,1.837,1.925,2.225,2.126,2.221,2.274,2.338,2.388
2023-09-20,2.038,1.961,2.415,2.157,2.243,2.288,2.351,2.402
2023-09-21,1.884,1.951,2.533,2.192,2.26,2.303,2.359,2.409
2023-09-22,1.727,1.988,2.663,2.211,2.273,2.312,2.366,2.412
2023-09-25,1.694,2.005,2.812,2.229,2.282,2.32,2.374,2.416
2023-09-26,1.741,1.969,3.035,2.26,2.294,2.335,2.386,2.432
2023-09-27,1.706,1.848,3.112,2.278,2.303,2.353,2.399,2.44
2023-09-28,2.155,2.195,3.231,2.285,2.302,2.356,2.402,2.446
2023-10-07,1.701,1.831,1.862,2.272,2.3,2.357,2.401,2.446
2023-10-08,1.597,1.764,1.84,2.264,2.3,2.357,2.401,2.447
2023-10-09,1.73,1.801,1.802,2.236,2.3,2.357,2.402,2.447
2023-10-10,1.827,1.861,1.9,2.237,2.302,2.36,2.408,2.452
2023-10-11,1.864,1.895,1.965,2.236,2.304,2.364,2.416,2.457
2023-10-12,1.81,1.889,2.057,2.234,2.305,2.368,2.423,2.463
2023-10-13,1.741,1.893,1.994,2.229,2.308,2.38,2.428,2.466
2023-10-16,1.722,1.793,1.882,2.223,2.309,2.387,2.432,2.474
2023-10-17,1.814,1.844,1.938,2.218,2.313,2.394,2.44,2.482
2023-10-18,1.835,1.899,1.943,2.219,2.321,2.403,2.451,2.49
2023-10-19,1.859,1.929,1.967,2.226,2.333,2.411,2.458,2.497
2023-10-20,1.907,2.103,2.446,2.235,2.34,2.417,2.464,2.502
2023-10-23,1.931,1.933,2.583,2.245,2.35,2.427,2.468,2.504
2023-10-24,1.877,1.988,2.66,2.256,2.364,2.439,2.476,2.507
2023-10-25,1.952,2.006,2.711,2.266,2.378,2.451,2.487,2.512
2023-10-26,1.65,2.045,2.515,2.268,2.39,2.454,2.489,2.512
2023-10-27,1.626,2.053,2.488,2.269,2.399,2.457,2.492,2.515
2023-10-30,1.695,2.041,2.364,2.271,2.406,2.466,2.498,2.523
2023-10-31,1.75,1.965,2.476,2.268,2.415,2.475,2.504,2.53
2023-11-01,1.789,1.889,2.459,2.265,2.421,2.481,2.505,2.536
2023-11-02,1.494,1.837,1.969,2.262,2.426,2.485,2.51,2.541
2023-11-03,1.623,1.742,1.902,2.25,2.43,2.491,2.514,2.543
2023-11-06,1.579,1.752,1.948,2.249,2.438,2.495,2.516,2.544
2023-11-07,1.637,1.817,1.995,2.245,2.445,2.501,2.521,2.546
2023-11-08,1.73,1.822,2.001,2.24,2.449,2.503,2.523,2.552
2023-11-09,1.647,1.824,2.024,2.236,2.45,2.508,2.527,2.553
2023-11-10,1.701,1.826,2.09,2.235,2.451,2.514,2.537,2.56
2023-11-13,1.754,1.84,2.089,2.234,2.451,2.512,2.538,2.561
2023-11-14,1.913,1.967,2.207,2.234,2.452,2.513,2.541,2.562
2023-11-15,1.863,1.896,2.284,2.227,2.453,2.514,2.542,2.562
2023-11-16,1.907,1.951,2.243,2.229,2.457,2.516,2.541,2.562
2023-11-17,1.8822,1.9622,2.3767,2.23,2.4611,2.52,2.5422,2.5622
2023-11-20,1.897,1.962,2.351,2.223,2.461,2.52,2.541,2.561
2023-11-21,1.89,1.961,2.384,2.221,2.461,2.521,2.541,2.561
2023-11-22,1.899,1.997,2.471,2.224,2.462,2.521,2.542,2.562
2023-11-23,1.896,1.949,2.564,2.226,2.462,2.521,2.541,2.561
2023-11-24,1.837,2.195,2.669,2.236,2.462,2.521,2.541,2.561
2023-11-27,1.809,2.094,2.699,2.255,2.463,2.523,2.543,2.563
2023-11-28,1.711,2.051,2.759,2.267,2.465,2.524,2.544,2.564
2023-11-29,1.608,2.076,2.815,2.279,2.481,2.525,2.544,2.564
2023-11-30,1.858,2.166,2.836,2.297,2.493,2.527,2.544,2.564
2023-12-01,1.618,1.795,2.064,2.302,2.503,2.53,2.545,2.565
2023-12-04,1.724,1.759,1.963,2.308,2.519,2.539,2.548,2.567
2023-12-05,1.714,1.816,1.999,2.327,2.533,2.55,2.554,2.571
2023-12-06,1.606,1.763,2.064,2.34,2.537,2.561,2.561,2.577
2023-12-07,1.619,1.755,2.254,2.354,2.554,2.581,2.578,2.6
2023-12-08,1.63,1.798,2.281,2.372,2.564,2.596,2.594,2.621
2023-12-11,1.755,1.855,2.207,2.411,2.572,2.607,2.605,2.635
2023-12-12,1.761,1.839,2.298,2.439,2.585,2.616,2.612,2.644
2023-12-13,1.634,1.789,2.299,2.445,2.593,2.626,2.618,2.647
2023-12-14,1.628,1.763,2.219,2.451,2.597,2.626,2.621,2.649
2023-12-15,1.594,1.753,2.087,2.454,2.601,2.626,2.621,2.649
2023-12-18,1.623,1.818,2.554,2.464,2.603,2.626,2.624,2.649
2023-12-19,1.57,1.767,2.429,2.468,2.601,2.627,2.626,2.65
2023-12-20,1.592,1.784,2.429,2.472,2.601,2.627,2.629,2.65
2023-12-21,1.711,1.801,2.251,2.491,2.604,2.632,2.637,2.651
2023-12-22,1.616,1.762,2.16,2.501,2.604,2.632,2.64,2.652
2023-12-25,1.592,1.822,2.695,2.506,2.601,2.633,2.641,2.65
2023-12-26,1.494,1.844,2.927,2.509,2.6,2.629,2.639,2.649
2023-12-27,1.467,1.864,3.009,2.506,2.59,2.613,2.626,2.641
2023-12-28,1.429,1.937,2.928,2.499,2.556,2.586,2.596,2.611
2023-12-29,1.746,1.867,2.949,2.482,2.53,2.555,2.565,2.581
2024-01-02,1.586,1.786,2.078,2.398,2.45,2.498,2.515,2.532
2024-01-03,1.604,1.805,1.877,2.354,2.423,2.479,2.497,2.509
2024-01-04,1.589,1.783,1.882,2.329,2.399,2.456,2.48,2.496
2024-01-05,1.588,1.77,1.978,2.32,2.396,2.448,2.472,2.491
2024-01-08,1.585,1.772,1.999,2.312,2.396,2.444,2.46,2.485
2024-01-09,1.582,1.79,1.997,2.304,2.397,2.438,2.457,2.48
2024-01-10,1.588,1.797,1.911,2.298,2.4,2.434,2.454,2.477
2024-01-11,1.627,1.799,1.932,2.296,2.4,2.43,2.45,2.476
2024-01-12,1.678,1.846,1.988,2.297,2.4,2.429,2.448,2.475
2024-01-15,1.677,1.862,2.089,2.297,2.4,2.43,2.449,2.472
2024-01-16,1.745,1.934,2.124,2.3,2.401,2.43,2.448,2.469
2024-01-17,1.832,1.943,2.261,2.3,2.402,2.43,2.45,2.47
2024-01-18,1.734,1.819,2.03,2.3,2.4,2.43,2.448,2.469
2024-01-19,1.724,1.831,2.099,2.3,2.4,2.43,2.448,2.469
2024-01-22,1.76,1.844,2.086,2.3,2.4,2.43,2.448,2.468
2024-01-23,1.76,1.807,2.084,2.3,2.4,2.429,2.448,2.468
2024-01-24,1.808,1.84,2.176,2.3,2.4,2.43,2.449,2.468
2024-01-25,1.844,1.872,2.322,2.3,2.4,2.43,2.449,2.468
2024-01-26,1.82,1.899,2.402,2.301,2.4,2.43,2.446,2.466
2024-01-29,1.731,1.863,2.301,2.302,2.4,2.43,2.447,2.466
2024-01-30,1.618,1.959,2.15,2.3,2.398,2.425,2.44,2.459
2024-01-31,1.708,1.829,2.078,2.282,2.388,2.412,2.429,2.449
2024-02-01,1.676,1.809,2.084,2.262,2.375,2.407,2.422,2.443
2024-02-02,1.719,1.846,2.15,2.252,2.369,2.402,2.412,2.431
2024-02-04,1.711,1.958,2.109,2.239,2.363,2.396,2.406,2.425
2024-02-05,1.68,1.946,2.194,2.227,2.35,2.39,2.403,2.416
2024-02-06,1.727,1.966,2.202,2.224,2.345,2.382,2.395,2.409
2024-02-07,1.716,1.947,2.131,2.219,2.342,2.374,2.389,2.403
2024-02-08,1.697,1.791,1.911,2.213,2.334,2.364,2.383,2.397
2024-02-09,1.853,1.857,1.883,2.21,2.33,2.358,2.377,2.396
2024-02-18,1.699,1.817,1.82,2.2,2.318,2.349,2.367,2.386
2024-02-19,1.607,1.785,1.843,2.186,2.303,2.342,2.363,2.383
2024-02-20,1.63,1.787,2.009,2.166,2.27,2.326,2.344,2.366
2024-02-21,1.698,1.819,2.052,2.145,2.243,2.309,2.325,2.348
2024-02-22,1.635,1.815,2.078,2.132,2.219,2.292,2.311,2.332
2024-02-23,1.747,1.816,2.119,2.122,2.214,2.283,2.304,2.322
2024-02-26,1.779,1.883,2.053,2.116,2.208,2.275,2.296,2.314
2024-02-27,1.819,1.904,2.079,2.107,2.204,2.271,2.293,2.308
2024-02-28,1.7056,1.8178,2.0333,2.1033,2.1989,2.2656,2.2878,2.3044
2024-02-29,1.639,1.775,1.955,2.099,2.193,2.26,2.284,2.3
2024-03-01,1.694,1.806,1.986,2.088,2.182,2.246,2.271,2.29
2024-03-04,1.711,1.811,1.977,2.086,2.171,2.232,2.258,2.278
2024-03-05,1.719,1.855,1.995,2.086,2.167,2.222,2.254,2.275
2024-03-06,1.713,1.822,2.002,2.088,2.165,2.216,2.252,2.273
2024-03-07,1.713,1.827,1.984,2.088,2.164,2.211,2.249,2.266
2024-03-08,1.72,1.848,2.003,2.087,2.16,2.207,2.247,2.26
2024-03-11,1.731,1.853,2.0,2.086,2.159,2.206,2.246,2.257
2024-03-12,1.721,1.853,2.009,2.091,2.158,2.207,2.247,2.261
2024-03-13,1.735,1.882,2.028,2.095,2.159,2.207,2.25,2.268
2024-03-14,1.746,1.88,1.997,2.1,2.161,2.21,2.251,2.273
2024-03-15,1.766,1.89,2.039,2.101,2.163,2.211,2.25,2.274
2024-03-18,1.746,1.854,2.127,2.106,2.163,2.214,2.25,2.274
2024-03-19,1.754,1.87,2.099,2.117,2.163,2.213,2.249,2.273
2024-03-20,1.765,1.844,2.138,2.123,2.16,2.208,2.246,2.27
2024-03-21,1.771,1.834,2.123,2.126,2.162,2.206,2.244,2.267
2024-03-22,1.772,1.845,2.137,2.13,2.163,2.205,2.239,2.2655
2024-03-25,1.774,1.898,2.214,2.135,2.159,2.206,2.239,2.266
2024-03-26,1.77,1.957,2.224,2.137,2.16,2.206,2.24,2.266
2024-03-27,1.77,1.972,2.234,2.141,2.159,2.205,2.238,2.266
2024-03-28,1.734,1.948,2.199,2.143,2.156,2.206,2.238,2.267
2024-03-29,1.718,1.967,2.216,2.14,2.156,2.203,2.238,2.268
2024-04-01,1.728,1.857,1.991,2.128,2.157,2.199,2.235,2.265
2024-04-02,1.704,1.833,1.917,2.11,2.151,2.194,2.233,2.262
2024-04-03,1.685,1.821,1.963,2.097,2.143,2.186,2.227,2.256
2024-04-07,1.708,1.805,1.939,2.082,2.141,2.18,2.22,2.253
2024-04-08,1.711,1.815,1.867,2.062,2.133,2.177,2.213,2.247
2024-04-09,1.718,1.816,1.857,2.05,2.12,2.163,2.204,2.236
2024-04-10,1.722,1.817,1.86,2.049,2.117,2.157,2.197,2.23
2024-04-11,1.721,1.815,1.871,2.039,2.105,2.144,2.189,2.222
2024-04-12,1.717,1.82,1.878,2.025,2.09,2.127,2.17,2.204
2024-04-15,1.716,1.797,1.89,2.012,2.071,2.105,2.147,2.175
2024-04-16,1.715,1.805,1.858,2.005,2.058,2.089,2.133,2.16
2024-04-17,1.723,1.816,1.952,2.0,2.049,2.08,2.12,2.151
2024-04-18,1.776,1.836,1.965,1.996,2.041,2.074,2.112,2.143
2024-04-19,1.797,1.87,1.983,1.989,2.035,2.063,2.103,2.129
2024-04-22,1.78,1.831,1.956,1.972,2.027,2.053,2.086,2.108
2024-04-23,1.788,1.824,1.952,1.963,2.018,2.045,2.068,2.091
2024-04-24,1.784,1.855,1.959,1.959,2.014,2.041,2.062,2.084
2024-04-25,1.846,1.885,1.979,1.956,1.999,2.027,2.052,2.074
2024-04-26,1.879,1.912,2.002,1.952,1.993,2.018,2.051,2.082
2024-04-28,1.806,1.951,2.001,1.95,1.994,2.017,2.053,2.087
2024-04-29,1.823,2.08,2.103,1.962,2.005,2.037,2.072,2.112
2024-04-30,1.921,2.109,2.135,1.961,2.002,2.042,2.079,2.109
2024-05-06,1.777,1.874,1.909,1.958,2.001,2.045,2.081,2.111
2024-05-07,1.744,1.845,1.861,1.951,1.996,2.041,2.077,2.108
2024-05-08,1.837,1.867,1.859,1.945,1.99,2.038,2.076,2.1035
2024-05-09,1.727,1.822,1.914,1.943,1.991,2.036,2.078,2.102
2024-05-10,1.733,1.836,1.894,1.94,1.989,2.036,2.078,2.1
2024-05-11,1.724,1.85,1.889,1.941,1.988,2.037,2.08,2.1
2024-05-13,1.781,1.836,1.897,1.931,1.983,2.035,2.08,2.1
2024-05-14,1.769,1.837,1.871,1.927,1.977,2.026,2.079,2.099
2024-05-15,1.727,1.808,1.848,1.923,1.975,2.025,2.079,2.099
2024-05-16,1.724,1.801,1.818,1.911,1.969,2.019,2.077,2.095
2024-05-17,1.719,1.808,1.848,1.907,1.963,2.013,2.08,2.096
2024-05-20,1.719,1.803,1.871,1.905,1.958,2.007,2.08,2.099
2024-05-21,1.758,1.847,1.887,1.906,1.958,2.005,2.08,2.1
2024-05-22,1.779,1.838,1.937,1.908,1.958,2.004,2.08,2.1
2024-05-23,1.769,1.829,1.919,1.905,1.957,2.001,2.08,2.1
2024-05-24,1.766,1.818,1.917,1.905,1.958,2.001,2.08,2.1
2024-05-27,1.767,1.888,1.899,1.904,1.958,2.0,2.082,2.102
2024-05-28,1.81,1.885,1.941,1.905,1.957,2.0,2.083,2.101
2024-05-29,1.849,1.897,1.952,1.905,1.957,2.0,2.082,2.1
2024-05-30,1.746,1.903,1.918,1.906,1.957,2.0,2.08,2.1
2024-05-31,1.805,1.851,1.868,1.907,1.955,1.999,2.08,2.099
2024-06-03,1.723,1.811,1.857,1.905,1.953,1.998,2.079,2.099
2024-06-04,1.663,1.785,1.838,1.9,1.949,1.996,2.077,2.097
2024-06-05,1.664,1.776,1.821,1.899,1.948,1.997,2.075,2.095
2024-06-06,1.656,1.78,1.83,1.897,1.948,1.996,2.069,2.089
2024-06-07,1.719,1.751,1.825,1.898,1.949,1.996,2.063,2.085
2024-06-11,1.679,1.802,1.825,1.9,1.947,1.995,2.056,2.081
2024-06-12,1.68,1.796,1.833,1.898,1.943,1.994,2.055,2.075
2024-06-13,1.723,1.817,1.847,1.9,1.94,1.989,2.053,2.073
2024-06-14,1.732,1.813,1.839,1.9,1.939,1.986,2.049,2.069
2024-06-17,1.783,1.862,1.957,1.898,1.935,1.985,2.048,2.068
2024-06-18,1.829,1.882,1.987,1.9,1.934,1.987,2.048,2.067
2024-06-19,1.853,1.861,2.0,1.9,1.929,1.985,2.048,2.067
2024-06-20,1.877,1.89,2.087,1.9,1.927,1.983,2.044,2.063
2024-06-21,1.96,1.939,2.128,1.9,1.923,1.977,2.04,2.059
2024-06-24,1.98,2.008,2.146,1.9,1.922,1.979,2.039,2.059
2024-06-25,1.964,2.014,2.145,1.9,1.921,1.978,2.038,2.058
2024-06-26,1.976,2.083,2.108,1.9,1.919,1.979,2.034,2.055
2024-06-27,1.879,2.028,2.152,1.9,1.918,1.979,2.029,2.051
2024-06-28,1.889,2.099,2.128,1.9,1.918,1.979,2.025,2.049
2024-07-01,1.749,1.802,1.846,1.899,1.917,1.976,2.02,2.046
2024-07-02,1.715,1.796,1.812,1.896,1.917,1.973,2.014,2.042
2024-07-03,1.688,1.8,1.811,1.895,1.914,1.967,2.006,2.034
2024-07-04,1.712,1.811,1.807,1.892,1.91,1.962,2.003,2.029
2024-07-05,1.764,1.807,1.833,1.888,1.908,1.958,1.997,2.015
2024-07-08,1.754,1.82,1.85,1.887,1.907,1.959,1.999,2.02
2024-07-09,1.679,1.804,1.838,1.886,1.907,1.959,1.998,2.019
2024-07-10,1.64,1.8,1.832,1.883,1.906,1.959,1.996,2.018
2024-07-11,1.67,1.803,1.809,1.879,1.904,1.958,1.995,2.014
2024-07-12,1.668,1.801,1.835,1.878,1.899,1.955,1.993,2.009
2024-07-15,1.78,1.821,1.84,1.879,1.897,1.957,1.989,2.007
2024-07-16,1.894,1.894,1.948,1.878,1.897,1.957,1.988,2.007
2024-07-17,1.913,1.885,1.913,1.878,1.896,1.956,1.987,2.005
2024-07-18,1.933,1.893,1.946,1.879,1.897,1.954,1.985,2.002
2024-07-19,1.855,1.855,1.959,1.877,1.895,1.948,1.982,2.0
2024-07-22,1.647,1.715,1.876,1.873,1.894,1.944,1.978,1.997
2024-07-23,1.736,1.751,1.857,1.867,1.888,1.94,1.977,1.997
2024-07-24,1.739,1.742,1.891,1.862,1.887,1.937,1.973,1.993
2024-07-25,1.764,1.871,1.908,1.855,1.882,1.932,1.967,1.985
2024-07-26,1.689,1.913,1.895,1.848,1.877,1.927,1.961,1.979
2024-07-29,1.631,1.895,1.911,1.843,1.869,1.92,1.956,1.9729
2024-07-30,1.639,1.814,1.887,1.839,1.865,1.916,1.951,1.966
2024-07-31,1.782,1.772,1.84,1.835,1.86,1.913,1.944,1.96
2024-08-01,1.608,1.7,1.803,1.828,1.857,1.906,1.936,1.956
2024-08-02,1.573,1.7,1.752,1.825,1.853,1.902,1.93,1.946
2024-08-05,1.585,1.694,1.714,1.818,1.849,1.899,1.925,1.937
2024-08-06,1.583,1.687,1.724,1.813,1.844,1.894,1.917,1.928
2024-08-07,1.617,1.708,1.714,1.807,1.839,1.888,1.914,1.923
2024-08-08,1.681,1.763,1.755,1.805,1.835,1.885,1.908,1.917
2024-08-09,1.778,1.795,1.839,1.803,1.8335,1.8835,1.906,1.916
2024-08-12,1.951,1.893,1.878,1.806,1.833,1.884,1.9085,1.922
2024-08-13,1.928,1.828,1.906,1.813,1.837,1.885,1.91,1.923
2024-08-14,1.842,1.869,1.921,1.812,1.838,1.884,1.911,1.923
2024-08-15,1.754,1.814,1.911,1.811,1.84,1.882,1.91,1.922
2024-08-16,1.7,1.811,1.879,1.809,1.838,1.883,1.91,1.922
2024-08-19,1.682,1.722,1.914,1.81,1.837,1.881,1.911,1.922
2024-08-20,1.712,1.761,1.919,1.812,1.838,1.88,1.913,1.926
2024-08-21,1.722,1.808,1.925,1.812,1.84,1.882,1.915,1.932
2024-08-22,1.765,1.821,1.94,1.815,1.843,1.886,1.919,1.936
2024-08-23,1.801,1.825,1.954,1.819,1.844,1.892,1.92,1.942
2024-08-26,1.862,1.936,1.955,1.823,1.845,1.894,1.924,1.945
2024-08-27,1.667,1.869,1.928,1.824,1.849,1.896,1.927,1.95
2024-08-28,1.52,1.758,1.904,1.824,1.85,1.9,1.931,1.956
2024-08-29,1.514,1.628,1.883,1.822,1.85,1.9,1.93,1.958
2024-08-30,1.529,1.647,1.819,1.822,1.85,1.9,1.931,1.961
2024-09-02,1.516,1.689,1.805,1.821,1.85,1.9,1.93,1.959
2024-09-03,1.568,1.68,1.783,1.822,1.85,1.902,1.931,1.96
2024-09-04,1.529,1.67,1.831,1.823,1.85,1.902,1.932,1.96
2024-09-05,1.578,1.68,1.855,1.825,1.85,1.901,1.931,1.96
2024-09-06,1.716,1.676,1.88,1.831,1.85,1.901,1.931,1.96
2024-09-09,1.8,1.833,1.821,1.831,1.85,1.903,1.933,1.962
2024-09-10,1.955,1.834,1.826,1.832,1.851,1.906,1.934,1.962
2024-09-11,1.773,1.776,1.92,1.834,1.851,1.914,1.934,1.962
2024-09-12,1.777,1.794,1.903,1.83,1.85,1.912,1.932,1.96
2024-09-13,1.656,1.806,1.872,1.83,1.85,1.91,1.932,1.96
2024-09-14,1.611,1.746,1.854,1.83,1.85,1.91,1.93,1.9585
2024-09-18,1.744,1.86,1.867,1.831,1.85,1.91,1.93,1.958
2024-09-19,1.879,1.947,1.911,1.833,1.851,1.911,1.93,1.957
2024-09-20,1.932,1.929,1.993,1.834,1.852,1.914,1.931,1.958
2024-09-23,1.921,1.859,2.004,1.837,1.854,1.913,1.932,1.957
2024-09-24,1.785,1.92,1.973,1.836,1.85,1.905,1.92,1.943
2024-09-25,1.643,1.873,1.923,1.83,1.845,1.898,1.914,1.932
2024-09-26,1.608,1.838,1.918,1.825,1.836,1.891,1.906,1.926
2024-09-27,1.401,1.661,1.761,1.822,1.835,1.887,1.902,1.923
2024-09-29,1.336,1.727,1.815,1.82,1.836,1.888,1.902,1.922
2024-09-30,1.514,1.522,1.927,1.82,1.84,1.889,1.901,1.923
2024-10-08,1.509,1.697,1.9,1.82,1.84,1.892,1.904,1.927
2024-10-09,1.618,1.803,1.923,1.82,1.841,1.892,1.909,1.932
2024-10-10,1.527,1.7,1.941,1.82,1.841,1.894,1.913,1.934
2024-10-11,1.406,1.526,1.92,1.82,1.841,1.892,1.912,1.93
2024-10-12,1.306,1.511,1.904,1.82,1.841,1.891,1.912,1.931
2024-10-14,1.418,1.587,1.866,1.82,1.841,1.891,1.912,1.93
2024-10-15,1.407,1.517,1.907,1.82,1.842,1.891,1.913,1.93
2024-10-16,1.46,1.59,1.861,1.819,1.846,1.895,1.915,1.932
2024-10-17,1.425,1.549,1.864,1.819,1.855,1.903,1.922,1.934
2024-10-18,1.399,1.568,1.926,1.818,1.858,1.903,1.921,1.932
2024-10-21,1.474,1.584,1.896,1.819,1.864,1.906,1.923,1.934
2024-10-22,1.477,1.579,1.887,1.82,1.869,1.913,1.927,1.938
2024-10-23,1.49,1.595,1.973,1.82,1.873,1.915,1.93,1.942
2024-10-24,1.53,1.596,1.995,1.822,1.879,1.92,1.932,1.944
2024-10-25,1.507,1.703,1.981,1.823,1.883,1.922,1.934,1.947
2024-10-28,1.495,1.658,1.955,1.821,1.884,1.922,1.934,1.948
2024-10-29,1.439,1.75,1.929,1.82,1.884,1.922,1.935,1.949
2024-10-30,1.394,1.656,1.898,1.82,1.884,1.922,1.938,1.949
2024-10-31,1.364,1.656,1.895,1.82,1.884,1.922,1.937,1.948
2024-11-01,1.36,1.507,1.768,1.818,1.879,1.917,1.933,1.943
2024-11-04,1.346,1.496,1.735,1.815,1.878,1.914,1.927,1.937
2024-11-05,1.338,1.5,1.688,1.811,1.877,1.91,1.925,1.935
2024-11-06,1.33,1.5,1.76,1.808,1.876,1.907,1.92,1.93
2024-11-07,1.319,1.555,1.777,1.803,1.87,1.901,1.915,1.925
2024-11-08,1.461,1.645,1.8,1.799,1.864,1.895,1.909,1.92
2024-11-11,1.443,1.655,1.812,1.797,1.862,1.893,1.905,1.916
2024-11-12,1.525,1.687,1.856,1.797,1.859,1.889,1.901,1.913
2024-11-13,1.465,1.644,1.824,1.797,1.859,1.884,1.897,1.907
2024-11-14,1.456,1.674,1.805,1.796,1.858,1.881,1.893,1.904
2024-11-15,1.47,1.685,1.805,1.796,1.856,1.878,1.889,1.899
2024-11-18,1.47,1.697,1.872,1.794,1.856,1.878,1.889,1.899
2024-11-19,1.48,1.693,1.881,1.792,1.856,1.879,1.889,1.898
2024-11-20,1.47,1.684,1.905,1.791,1.857,1.879,1.889,1.897
2024-11-21,1.455,1.659,1.865,1.792,1.86,1.88,1.889,1.898
2024-11-22,1.456,1.653,1.862,1.789,1.86,1.878,1.888,1.898
2024-11-25,1.464,1.727,1.863,1.787,1.86,1.879,1.889,1.899
2024-11-26,1.43,1.723,1.821,1.785,1.86,1.879,1.889,1.899
2024-11-27,1.385,1.7,1.786,1.784,1.859,1.879,1.889,1.899
2024-11-28,1.329,1.726,1.766,1.779,1.858,1.879,1.889,1.899
2024-11-29,1.319,1.631,1.74,1.772,1.852,1.871,1.882,1.893
2024-12-02,1.414,1.591,1.723,1.754,1.825,1.848,1.858,1.868
2024-12-03,1.337,1.601,1.734,1.736,1.795,1.815,1.825,1.835
2024-12-04,1.381,1.588,1.68,1.716,1.772,1.792,1.804,1.815
2024-12-05,1.479,1.688,1.799,1.711,1.762,1.78,1.792,1.807
2024-12-06,1.478,1.686,1.801,1.711,1.755,1.774,1.787,1.803
2024-12-09,1.516,1.736,1.83,1.71,1.753,1.77,1.783,1.8
2024-12-10,1.47,1.784,1.868,1.711,1.748,1.765,1.777,1.793
2024-12-11,1.528,1.722,1.849,1.711,1.744,1.759,1.771,1.785
2024-12-12,1.482,1.635,1.876,1.712,1.74,1.753,1.766,1.78
2024-12-13,1.404,1.758,1.87,1.71,1.735,1.744,1.759,1.774
2024-12-16,1.421,1.762,1.873,1.708,1.725,1.733,1.747,1.76
2024-12-17,1.425,1.787,1.892,1.706,1.718,1.726,1.742,1.754
2024-12-18,1.428,1.776,1.994,1.704,1.715,1.724,1.738,1.748
2024-12-19,1.424,1.627,2.035,1.701,1.712,1.72,1.735,1.745
2024-12-20,1.414,1.62,1.852,1.7,1.708,1.717,1.73,1.74
2024-12-23,1.31,1.525,1.943,1.699,1.705,1.712,1.724,1.732
2024-12-24,1.321,1.489,1.917,1.695,1.6985,1.707,1.717,1.725
2024-12-25,1.365,1.516,1.965,1.69,1.693,1.702,1.712,1.7185
2024-12-26,1.386,1.533,2.036,1.689,1.6922,1.701,1.71,1.7145
2024-12-27,1.388,1.74,2.157,1.686,1.69,1.699,1.708,1.7125
2024-12-30,1.367,1.95,2.08,1.6846,1.685,1.6955,1.7075,1.7112
2024-12-31,1.454,1.966,2.163,1.681,1.6855,1.694,1.7035,1.708
2025-01-02,1.532,1.643,1.764,1.676,1.6825,1.689,1.697,1.7045
2025-01-03,1.618,1.67,1.746,1.67,1.677,1.6855,1.6935,1.7002
2025-01-06,1.454,1.596,1.639,1.646,1.663,1.6725,1.682,1.691
2025-01-07,1.483,1.541,1.616,1.641,1.655,1.667,1.676,1.685
2025-01-08,1.523,1.58,1.65,1.636,1.652,1.661,1.6705,1.6795
2025-01-09,1.547,1.632,1.68,1.631,1.645,1.656,1.666,1.674
2025-01-10,1.643,1.692,1.791,1.63,1.643,1.655,1.665,1.672
2025-01-13,1.823,1.96,1.916,1.649,1.648,1.662,1.668,1.675
2025-01-14,1.965,2.162,2.212,1.662,1.658,1.669,1.679,1.686
2025-01-15,1.832,2.117,2.311,1.668,1.6665,1.676,1.682,1.6905
2025-01-16,1.833,2.192,2.673,1.681,1.674,1.682,1.6892,1.694
2025-01-17,1.848,2.039,2.656,1.688,1.677,1.6852,1.693,1.6974
2025-01-20,1.835,2.013,2.684,1.6925,1.687,1.693,1.697,1.703
2025-01-21,1.779,1.906,2.631,1.702,1.6935,1.699,1.706,1.7122
2025-01-22,1.78,1.813,2.632,1.702,1.693,1.701,1.709,1.714
2025-01-23,1.764,1.995,2.627,1.704,1.694,1.703,1.714,1.721
2025-01-24,1.77,2.078,2.75,1.705,1.697,1.707,1.716,1.725
2025-01-26,1.669,1.864,2.566,1.705,1.6995,1.7125,1.7195,1.728
2025-01-27,1.708,1.715,2.023,1.706,1.702,1.715,1.7205,1.7305
2025-02-05,1.793,1.844,1.972,1.708,1.707,1.722,1.726,1.735
2025-02-06,1.792,1.785,1.854,1.708,1.71,1.727,1.731,1.739
2025-02-07,1.816,1.732,1.793,1.705,1.711,1.724,1.729,1.735
2025-02-08,1.769,1.634,1.737,1.703,1.712,1.72,1.728,1.734
2025-02-10,1.841,1.729,1.802,1.7,1.714,1.723,1.729,1.733
2025-02-11,1.919,1.838,1.97,1.71,1.721,1.731,1.738,1.741
2025-02-12,1.832,1.845,1.869,1.715,1.726,1.736,1.744,1.746
2025-02-13,1.827,1.763,1.815,1.719,1.73,1.742,1.751,1.753
2025-02-14,1.889,1.894,1.969,1.731,1.738,1.75,1.764,1.764
2025-02-17,1.893,1.999,2.065,1.747,1.75,1.763,1.774,1.775
2025-02-18,1.933,2.209,2.427,1.766,1.763,1.773,1.786,1.796
2025-02-19,1.915,1.934,2.269,1.77,1.7702,1.784,1.8,1.812
2025-02-20,1.919,1.992,2.249,1.778,1.7802,1.794,1.811,1.823
2025-02-21,1.931,2.139,2.396,1.787,1.7912,1.802,1.831,1.831
2025-02-24,1.866,1.941,2.269,1.79,1.797,1.806,1.84,1.839
2025-02-25,1.862,2.128,2.173,1.792,1.818,1.837,1.861,1.855
2025-02-26,1.875,2.131,2.254,1.812,1.8555,1.879,1.894,1.887
2025-02-27,1.867,2.24,2.359,1.847,1.89,1.915,1.925,1.92
2025-02-28,1.865,2.093,2.273,1.868,1.922,1.946,1.953,1.944
2025-03-03,1.816,1.812,1.901,1.883,1.946,1.968,1.969,1.957
2025-03-04,1.686,1.718,1.824,1.892,1.9625,1.979,1.9745,1.967
2025-03-05,1.755,1.751,1.823,1.908,1.975,1.989,1.983,1.976
2025-03-06,1.79,1.748,1.821,1.91,1.982,1.993,1.986,1.982
2025-03-07,1.801,1.718,1.855,1.916,1.991,1.998,1.994,1.988
2025-03-10,1.819,1.78,1.897,1.937,2.005,2.002,1.999,1.994
2025-03-11,1.782,1.786,1.9,1.948,2.01,2.001,2.001,1.998
2025-03-12,1.758,1.78,1.872,1.954,2.015,2.002,2.001,2.004
2025-03-13,1.771,1.774,1.85,1.961,2.012,2.001,2.001,2.002
2025-03-14,1.811,1.742,1.857,1.963,2.004,1.999,1.996,1.998
2025-03-17,1.805,1.819,1.95,1.965,1.994,1.995,1.991,1.995
2025-03-18,1.785,1.903,2.241,1.967,1.992,1.993,1.987,1.994
2025-03-19,1.763,1.856,2.337,1.974,1.987,1.987,1.986,1.99
2025-03-20,1.785,1.778,2.298,1.971,1.98,1.98,1.983,1.989
2025-03-21,1.76,1.754,2.088,1.971,1.968,1.968,1.972,1.973
2025-03-24,1.75,1.745,2.1,1.966,1.961,1.961,1.964,1.963
2025-03-25,1.775,1.815,2.119,1.955,1.942,1.949,1.951,1.949
2025-03-26,1.785,1.9,2.124,1.951,1.934,1.941,1.941,1.942
2025-03-27,1.738,2.004,2.098,1.945,1.924,1.932,1.935,1.936
2025-03-28,1.728,1.936,2.122,1.939,1.921,1.928,1.932,1.933
2025-03-31,1.739,2.023,2.232,1.928,1.912,1.923,1.926,1.926
2025-04-01,1.823,1.807,1.923,1.916,1.907,1.916,1.921,1.921
2025-04-02,1.756,1.805,1.9,1.905,1.902,1.91,1.917,1.914
2025-04-03,1.617,1.689,1.819,1.865,1.871,1.886,1.889,1.887
2025-04-07,1.79,1.694,1.776,1.819,1.824,1.844,1.846,1.837
2025-04-08,1.744,1.725,1.812,1.811,1.81,1.827,1.83,1.813
2025-04-09,1.741,1.703,1.839,1.804,1.806,1.817,1.821,1.81
2025-04-10,1.607,1.681,1.771,1.795,1.8,1.81,1.811,1.807
2025-04-11,1.609,1.619,1.75,1.787,1.786,1.795,1.798,1.791
2025-04-14,1.644,1.665,1.73,1.782,1.777,1.788,1.79,1.786
2025-04-15,1.701,1.695,1.75,1.776,1.775,1.785,1.787,1.785
2025-04-16,1.708,1.696,1.757,1.772,1.772,1.782,1.784,1.783
2025-04-17,1.634,1.652,1.735,1.766,1.767,1.776,1.778,1.777
2025-04-18,1.66,1.654,1.764,1.763,1.761,1.771,1.775,1.772
2025-04-21,1.716,1.68,1.797,1.758,1.759,1.77,1.773,1.769
2025-04-22,1.709,1.67,1.8,1.754,1.755,1.768,1.769,1.768
2025-04-23,1.626,1.644,1.772,1.749,1.753,1.765,1.767,1.766
2025-04-24,1.61,1.69,1.767,1.747,1.75,1.764,1.766,1.766
2025-04-25,1.567,1.638,1.765,1.747,1.75,1.761,1.765,1.766
2025-04-27,1.606,1.641,1.77,1.748,1.75,1.76,1.766,1.767
2025-04-28,1.603,1.723,1.769,1.747,1.75,1.76,1.767,1.768
2025-04-29,1.541,1.748,1.778,1.745,1.75,1.76,1.767,1.767
2025-04-30,1.76,1.762,1.781,1.743,1.75,1.759,1.766,1.766
2025-05-06,1.702,1.707,1.737,1.732,1.748,1.757,1.765,1.765
2025-05-07,1.657,1.661,1.725,1.719,1.737,1.746,1.752,1.752
2025-05-08,1.539,1.594,1.68,1.702,1.72,1.729,1.729,1.735
2025-05-09,1.497,1.519,1.554,1.684,1.696,1.704,1.707,1.711
2025-05-12,1.422,1.496,1.563,1.661,1.672,1.685,1.686,1.695
2025-05-13,1.406,1.49,1.556,1.647,1.662,1.672,1.676,1.684
2025-05-14,1.405,1.501,1.536,1.639,1.653,1.663,1.67,1.677
2025-05-15,1.404,1.497,1.55,1.629,1.645,1.658,1.668,1.673
2025-05-16,1.654,1.545,1.601,1.625,1.647,1.656,1.667,1.671
2025-05-19,1.537,1.562,1.654,1.624,1.645,1.656,1.669,1.673
2025-05-20,1.509,1.556,1.65,1.617,1.642,1.654,1.665,1.671
2025-05-21,1.509,1.549,1.647,1.615,1.64,1.653,1.669,1.674
2025-05-22,1.465,1.523,1.656,1.613,1.64,1.652,1.669,1.676
2025-05-23,1.565,1.552,1.691,1.611,1.642,1.655,1.672,1.682
2025-05-26,1.506,1.579,1.688,1.612,1.643,1.662,1.674,1.685
2025-05-27,1.452,1.598,1.667,1.614,1.644,1.665,1.678,1.692
2025-05-28,1.411,1.578,1.669,1.615,1.647,1.672,1.683,1.694
2025-05-29,1.411,1.602,1.744,1.621,1.652,1.673,1.683,1.695
2025-05-30,1.471,1.617,1.739,1.62,1.652,1.672,1.683,1.698
2025-06-03,1.41,1.515,1.579,1.62,1.652,1.672,1.684,1.7
2025-06-04,1.408,1.543,1.576,1.62,1.652,1.672,1.684,1.703
2025-06-05,1.408,1.534,1.591,1.62,1.652,1.672,1.684,1.702
2025-06-06,1.411,1.5,1.588,1.619,1.651,1.671,1.682,1.697
2025-06-09,1.378,1.497,1.556,1.618,1.649,1.667,1.68,1.693
2025-06-10,1.362,1.496,1.544,1.62,1.645,1.663,1.677,1.687
2025-06-11,1.361,1.502,1.56,1.62,1.642,1.658,1.674,1.684
2025-06-12,1.367,1.521,1.535,1.62,1.639,1.657,1.67,1.68
2025-06-13,1.411,1.508,1.543,1.622,1.638,1.656,1.67,1.68
2025-06-16,1.388,1.51,1.543,1.621,1.636,1.655,1.67,1.68
2025-06-17,1.369,1.508,1.571,1.621,1.634,1.653,1.67,1.679
2025-06-18,1.366,1.505,1.655,1.62,1.63,1.647,1.666,1.676
2025-06-19,1.367,1.524,1.658,1.621,1.63,1.644,1.661,1.671
2025-06-20,1.368,1.529,1.719,1.62,1.629,1.639,1.659,1.667
2025-06-23,1.367,1.497,1.713,1.62,1.629,1.639,1.657,1.666
2025-06-24,1.37,1.629,1.697,1.62,1.629,1.639,1.655,1.662
2025-06-25,1.371,1.671,1.722,1.622,1.63,1.639,1.652,1.659
2025-06-26,1.37,1.67,1.736,1.622,1.63,1.64,1.65,1.658
2025-06-27,1.371,1.668,1.755,1.62,1.63,1.64,1.65,1.656
2025-06-30,1.422,1.763,1.766,1.622,1.63,1.64,1.65,1.657
2025-07-01,1.367,1.53,1.569,1.617,1.628,1.637,1.647,1.656
2025-07-02,1.365,1.497,1.554,1.6095,1.6195,1.6315,1.6415,1.6515
2025-07-03,1.315,1.456,1.54,1.594,1.606,1.619,1.63,1.638
2025-07-04,1.313,1.423,1.523,1.581,1.597,1.611,1.621,1.629
2025-07-07,1.312,1.458,1.494,1.557,1.579,1.6,1.612,1.616
2025-07-08,1.312,1.455,1.5,1.546,1.57,1.597,1.609,1.612
2025-07-09,1.313,1.464,1.495,1.539,1.562,1.593,1.607,1.613
2025-07-10,1.316,1.474,1.498,1.538,1.559,1.589,1.608,1.613
2025-07-11,1.333,1.475,1.514,1.535,1.557,1.591,1.611,1.616
2025-07-14,1.415,1.515,1.535,1.538,1.561,1.594,1.614,1.623
2025-07-15,1.535,1.546,1.579,1.541,1.559,1.591,1.613,1.623
2025-07-16,1.466,1.504,1.559,1.54,1.559,1.592,1.612,1.621
2025-07-17,1.463,1.504,1.553,1.539,1.557,1.592,1.613,1.621
2025-07-18,1.462,1.494,1.56,1.536,1.555,1.593,1.612,1.621
2025-07-21,1.366,1.477,1.571,1.534,1.553,1.592,1.612,1.622
2025-07-22,1.317,1.462,1.551,1.529,1.549,1.591,1.612,1.621
2025-07-23,1.367,1.463,1.527,1.529,1.551,1.596,1.616,1.625
2025-07-24,1.635,1.545,1.615,1.536,1.553,1.605,1.621,1.631
2025-07-25,1.52,1.62,1.728,1.545,1.559,1.611,1.628,1.639
2025-07-28,1.467,1.596,1.635,1.549,1.56,1.613,1.632,1.642
2025-07-29,1.366,1.545,1.631,1.55,1.56,1.613,1.632,1.644
2025-07-30,1.317,1.501,1.62,1.55,1.564,1.612,1.634,1.647
2025-07-31,1.392,1.497,1.546,1.55,1.566,1.612,1.633,1.648
2025-08-01,1.315,1.446,1.553,1.549,1.563,1.61,1.63,1.645
2025-08-04,1.314,1.436,1.516,1.547,1.559,1.608,1.629,1.641
2025-08-05,1.315,1.432,1.482,1.543,1.558,1.606,1.629,1.638
2025-08-06,1.316,1.442,1.494,1.533,1.559,1.609,1.63,1.638
2025-08-07,1.315,1.434,1.479,1.529,1.56,1.61,1.63,1.639
2025-08-08,1.3144,1.4356,1.4689,1.5256,1.5544,1.61,1.6289,1.6378
2025-08-11,1.315,1.432,1.455,1.527,1.549,1.61,1.628,1.638
2025-08-12,1.315,1.433,1.456,1.527,1.548,1.609,1.629,1.638
2025-08-13,1.315,1.434,1.473,1.526,1.548,1.609,1.63,1.64
2025-08-14,1.315,1.426,1.492,1.525,1.549,1.609,1.63,1.64
2025-08-15,1.398,1.465,1.505,1.526,1.547,1.607,1.63,1.64
2025-08-18,1.436,1.483,1.537,1.528,1.549,1.608,1.633,1.643
2025-08-19,1.464,1.517,1.599,1.528,1.55,1.61,1.637,1.647
2025-08-20,1.473,1.534,1.596,1.532,1.55,1.61,1.64,1.649
2025-08-21,1.466,1.495,1.593,1.533,1.55,1.61,1.643,1.653
2025-08-22,1.418,1.463,1.581,1.53,1.55,1.61,1.641,1.653
2025-08-25,1.356,1.484,1.555,1.53,1.55,1.61,1.642,1.652
2025-08-26,1.317,1.467,1.515,1.53,1.55,1.61,1.642,1.652
2025-08-27,1.315,1.491,1.526,1.526,1.55,1.61,1.642,1.653
2025-08-28,1.316,1.526,1.55,1.529,1.55,1.61,1.643,1.653
2025-08-29,1.331,1.51,1.555,1.527,1.55,1.61,1.642,1.652
2025-09-01,1.315,1.438,1.484,1.521,1.549,1.61,1.644,1.654
2025-09-02,1.314,1.431,1.495,1.518,1.549,1.61,1.645,1.655
2025-09-03,1.316,1.433,1.486,1.517,1.55,1.61,1.645,1.656
2025-09-04,1.316,1.437,1.476,1.519,1.55,1.609,1.647,1.658
2025-09-05,1.316,1.427,1.467,1.52,1.55,1.61,1.649,1.66
2025-09-08,1.353,1.438,1.471,1.52,1.55,1.611,1.65,1.66
2025-09-09,1.419,1.467,1.5,1.522,1.551,1.615,1.651,1.661
2025-09-10,1.425,1.449,1.501,1.528,1.553,1.621,1.653,1.663
2025-09-11,1.369,1.466,1.51,1.53,1.553,1.623,1.654,1.665
2025-09-12,1.367,1.46,1.524,1.532,1.553,1.624,1.655,1.667
2025-09-15,1.408,1.47,1.504,1.533,1.553,1.626,1.661,1.671
2025-09-16,1.437,1.475,1.506,1.535,1.553,1.63,1.661,1.671
2025-09-17,1.483,1.519,1.607,1.541,1.554,1.63,1.661,1.671
2025-09-18,1.514,1.528,1.581,1.544,1.556,1.631,1.662,1.673
2025-09-19,1.461,1.488,1.647,1.547,1.562,1.632,1.663,1.673
2025-09-22,1.427,1.466,1.675,1.55,1.562,1.63,1.663,1.673
2025-09-23,1.413,1.462,1.567,1.551,1.562,1.63,1.663,1.672
2025-09-24,1.434,1.59,1.656,1.556,1.566,1.632,1.664,1.674
2025-09-25,1.472,1.584,1.625,1.564,1.574,1.635,1.669,1.679
2025-09-26,1.321,1.501,1.646,1.566,1.576,1.639,1.672,1.681
2025-09-28,1.314,1.497,1.537,1.57,1.58,1.64,1.67,1.68
2025-09-29,1.315,1.523,1.527,1.571,1.58,1.64,1.67,1.68
2025-09-30,1.379,1.405,1.702,1.57,1.58,1.64,1.67,1.68
2025-10-09,1.322,1.495,1.526,1.567,1.579,1.638,1.668,1.677
2025-10-10,1.319,1.451,1.494,1.559,1.578,1.636,1.666,1.675
2025-10-11,1.314,1.403,1.482,1.558,1.581,1.638,1.665,1.674
2025-10-13,1.314,1.447,1.466,1.557,1.58,1.639,1.661,1.669
2025-10-14,1.315,1.423,1.445,1.56,1.581,1.638,1.659,1.669
2025-10-15,1.316,1.414,1.452,1.559,1.581,1.638,1.659,1.669
2025-10-16,1.316,1.419,1.443,1.559,1.581,1.638,1.659,1.669
2025-10-17,1.318,1.415,1.461,1.559,1.58,1.64,1.66,1.67
2025-10-20,1.317,1.418,1.468,1.557,1.582,1.64,1.66,1.67
2025-10-21,1.317,1.426,1.504,1.557,1.586,1.641,1.662,1.675
2025-10-22,1.318,1.422,1.452,1.557,1.592,1.641,1.662,1.679
2025-10-23,1.318,1.417,1.512,1.556,1.594,1.641,1.662,1.68
2025-10-24,1.32,1.414,1.563,1.557,1.594,1.641,1.661,1.68
2025-10-27,1.442,1.542,1.598,1.557,1.595,1.642,1.662,1.68
2025-10-28,1.469,1.53,1.647,1.557,1.599,1.642,1.66,1.678
2025-10-29,1.414,1.512,1.559,1.556,1.599,1.64,1.658,1.675
2025-10-30,1.317,1.484,1.537,1.549,1.597,1.64,1.657,1.673
2025-10-31,1.321,1.439,1.548,1.547,1.596,1.637,1.656,1.667
2025-11-03,1.316,1.412,1.469,1.546,1.595,1.633,1.656,1.664
2025-11-04,1.315,1.415,1.478,1.546,1.594,1.6265,1.652,1.658
2025-11-05,1.315,1.423,1.461,1.5415,1.589,1.6255,1.645,1.655
2025-11-06,1.313,1.421,1.454,1.534,1.5875,1.624,1.6415,1.6525
2025-11-07,1.327,1.422,1.47,1.526,1.584,1.62,1.639,1.65
2025-11-10,1.479,1.478,1.492,1.525,1.58,1.6185,1.639,1.65
2025-11-11,1.508,1.501,1.518,1.525,1.58,1.618,1.639,1.65
2025-11-12,1.415,1.474,1.5,1.523,1.58,1.619,1.639,1.649
2025-11-13,1.315,1.474,1.5,1.518,1.58,1.62,1.64,1.65
2025-11-14,1.363,1.468,1.509,1.518,1.58,1.62,1.64,1.65
2025-11-17,1.508,1.514,1.55,1.52,1.58,1.62,1.64,1.65
2025-11-18,1.525,1.518,1.55,1.52,1.58,1.62,1.64,1.65
2025-11-19,1.42,1.487,1.568,1.52,1.58,1.62,1.64,1.65
2025-11-20,1.364,1.46,1.546,1.518,1.579,1.62,1.639,1.65
2025-11-21,1.32,1.417,1.522,1.519,1.578,1.62,1.64,1.65
2025-11-24,1.316,1.447,1.542,1.52,1.58,1.62,1.64,1.65
2025-11-25,1.316,1.433,1.54,1.52,1.58,1.62,1.639,1.65
2025-11-26,1.316,1.453,1.507,1.519,1.579,1.62,1.639,1.65
2025-11-27,1.314,1.425,1.508,1.52,1.58,1.62,1.64,1.65
2025-11-28,1.301,1.437,1.529,1.52,1.58,1.62,1.64,1.65
2025-12-01,1.307,1.454,1.477,1.519,1.58,1.62,1.64,1.65
2025-12-02,1.302,1.434,1.465,1.519,1.58,1.62,1.64,1.65
2025-12-03,1.301,1.426,1.465,1.52,1.58,1.62,1.64,1.65
2025-12-04,1.302,1.424,1.479,1.52,1.58,1.62,1.64,1.65
2025-12-05,1.301,1.416,1.508,1.52,1.58,1.62,1.64,1.65
2025-12-08,1.302,1.426,1.517,1.521,1.58,1.62,1.641,1.65
2025-12-09,1.303,1.431,1.51,1.523,1.581,1.623,1.641,1.65
2025-12-10,1.298,1.439,1.5,1.523,1.582,1.624,1.64,1.65
2025-12-11,1.283,1.432,1.5,1.524,1.584,1.623,1.641,1.651
2025-12-12,1.279,1.451,1.509,1.525,1.585,1.624,1.641,1.651
2025-12-15,1.274,1.432,1.511,1.533,1.591,1.625,1.642,1.652
2025-12-16,1.276,1.429,1.51,1.537,1.595,1.629,1.643,1.653
2025-12-17,1.275,1.428,1.471,1.541,1.601,1.632,1.643,1.653
2025-12-18,1.273,1.426,1.582,1.55,1.603,1.633,1.643,1.653
2025-12-19,1.2733,1.4311,1.6078,1.5544,1.6022,1.6311,1.6411,1.6511
2025-12-22,1.272,1.417,1.616,1.559,1.601,1.629,1.64,1.65
2025-12-23,1.272,1.399,1.577,1.567,1.6,1.63,1.64,1.65
2025-12-24,1.267,1.385,1.599,1.579,1.6,1.629,1.64,1.65
2025-12-25,1.262,1.4,1.595,1.584,1.6,1.627,1.64,1.65
2025-12-26,1.258,1.448,1.596,1.584,1.6,1.628,1.64,1.65
2025-12-29,1.248,1.558,1.65,1.584,1.6,1.63,1.64,1.65
2025-12-30,1.247,1.589,1.869,1.585,1.6,1.63,1.64,1.65
2025-12-31,1.327,1.956,1.951,1.588,1.6,1.629,1.64,1.65
2026-01-04,1.258,1.428,1.518,1.579,1.598,1.624,1.639,1.649
2026-01-05,1.264,1.423,1.457,1.574,1.596,1.617,1.637,1.648
2026-01-06,1.263,1.422,1.465,1.569,1.596,1.618,1.637,1.648
2026-01-07,1.266,1.45,1.453,1.564,1.597,1.619,1.637,1.649
2026-01-08,1.27,1.462,1.482,1.559,1.595,1.619,1.636,1.648
2026-01-09,1.272,1.461,1.487,1.557,1.595,1.618,1.635,1.646
2026-01-12,1.316,1.473,1.489,1.556,1.598,1.62,1.637,1.648
2026-01-13,1.391,1.523,1.534,1.559,1.6,1.62,1.639,1.649
2026-01-14,1.39,1.55,1.567,1.56,1.6,1.62,1.64,1.65
2026-01-15,1.374,1.485,1.555,1.5596,1.6,1.62,1.639,1.649
2026-01-16,1.325,1.47,1.496,1.558,1.6,1.62,1.64,1.65
2026-01-19,1.318,1.467,1.501,1.557,1.6,1.62,1.639,1.649
2026-01-20,1.374,1.483,1.582,1.56,1.6,1.62,1.638,1.649
2026-01-21,1.322,1.488,1.597,1.559,1.6,1.62,1.637,1.648
2026-01-22,1.413,1.497,1.59,1.557,1.598,1.616,1.6327,1.6458
2026-01-23,1.396,1.491,1.577,1.5577,1.598,1.615,1.629,1.6441
2026-01-26,1.42,1.543,1.599,1.5558,1.5978,1.6135,1.6269,1.639
2026-01-27,1.371,1.564,1.599,1.5556,1.5968,1.6094,1.624,1.637
2026-01-28,1.366,1.527,1.596,1.5546,1.5947,1.6099,1.6189,1.6337
2026-01-29,1.368,1.572,1.591,1.552,1.591,1.608,1.618,1.629
2026-01-30,1.328,1.58,1.598,1.551,1.589,1.609,1.617,1.628
2026-02-02,1.365,1.485,1.509,1.55,1.5889,1.6069,1.6137,1.6248
2026-02-03,1.317,1.488,1.511,1.55,1.5859,1.6042,1.6104,1.6215
2026-02-04,1.318,1.473,1.583,1.55,1.5846,1.6,1.609,1.619
2026-02-05,1.319,1.464,1.614,1.5505,1.5805,1.6,1.6079,1.6189
2026-02-06,1.277,1.435,1.504,1.55,1.58,1.597,1.6058,1.6169
2026-02-09,1.27,1.505,1.584,1.55,1.58,1.5967,1.6046,1.6147
2026-02-10,1.362,1.531,1.604,1.551,1.58,1.5977,1.602,1.6115
2026-02-11,1.366,1.523,1.6,1.5511,1.58,1.5958,1.5997,1.6092
2026-02-12,1.368,1.518,1.583,1.55,1.58,1.5951,1.599,1.6089
2026-02-13,1.271,1.43,1.511,1.55,1.579,1.593,1.6,1.61
2026-02-14,1.3156,1.3233,1.39,1.55,1.58,1.59,1.6,1.61
2026-02-24,1.362,1.553,1.577,1.55,1.578,1.59,1.599,1.61
2026-02-25,1.378,1.497,1.571,1.55,1.5778,1.59,1.5979,1.608
